Código,Departamento,Classe,Produto,Tipo,Embalagem,Preço (R$)
2394,Materiais Elétricos PAMPULHA,Materiais Elétricos e Ferramentas,CAIXA DE LUZ - PVC - FUNDO MÓVEL DUPLO ( FMD ) VERDE,RIB. FABRIL,45 un.,"4,20"
2393,Materiais Elétricos PAMPULHA,Materiais Elétricos e Ferramentas,CAIXA DE LUZ - PVC - FUNDO MÓVEL SIMPLES ( FMS ) VERDE,RIB. FABRIL,90 un.,"3,90"
8091,Materiais Elétricos PAMPULHA,Materiais Elétricos e Ferramentas,CAIXA DE LUZ - PVC - FUNDO MÓVEL SIMPLES ( FMS ) VERDE C/SUPORTE P/LAJE,RIB. FABRIL,1 un.,"8,30"
2390,Materiais Elétricos PAMPULHA,Materiais Elétricos e Ferramentas,CAIXA DE LUZ 2x4 - PVC - COR VERDE,RIB. FABRIL,180 un.,"1,57"
5640,Materiais Elétricos PAMPULHA,Materiais Elétricos e Ferramentas,CAIXA DE LUZ 2x4 - PVC - COR VERDE DRYWALL C/10 UNDS,RIB. FABRIL,12 un.,"19,60"
2391,Materiais Elétricos PAMPULHA,Materiais Elétricos e Ferramentas,CAIXA DE LUZ 3x3 - PVC - COR VERDE,RIBEIRO FABRIL,60 un.,"2,40"
6111,Materiais Elétricos PAMPULHA,Materiais Elétricos e Ferramentas,CAIXA DE LUZ 4x4 - PVC - COR VERDE DRYWALL C/10 UNDS,RIB. FABRIL,80 un.,"39,80"
2392/7227,Materiais Elétricos PAMPULHA,Materiais Elétricos e Ferramentas,CAIXA DE LUZ 4x4 - PVC - COR VERDE OU PRETA DA PIAL,RIB. FABRIL,90 un.,"3,60"
7431,Materiais Elétricos PAMPULHA,Materiais Elétricos e Ferramentas,CAIXA DE PASSAGEM DE EMBUTIR PVC 10 x 10 C/TAMPA CINZA,J A,1 un.,"6,30"
6530,Materiais Elétricos PAMPULHA,Materiais Elétricos e Ferramentas,CAIXA DE PASSAGEM DE EMBUTIR PVC 15 x 15 C/TAMPA BRANCA,TAF,20 un.,"14,70"
2984,Materiais Elétricos PAMPULHA,Materiais Elétricos e Ferramentas,CAIXA DE PASSAGEM DE EMBUTIR PVC 15 x 15 C/TAMPA CINZA,J A,1 un.,"8,70"
27,Materiais Elétricos PAMPULHA,Materiais Elétricos e Ferramentas,CAIXA DE PASSAGEM DE EMBUTIR CHAPA 15 x 15,PALOMAR,40 un.,"21,40"
28,Materiais Elétricos PAMPULHA,Materiais Elétricos e Ferramentas,CAIXA DE PASSAGEM DE EMBUTIR CHAPA 20 x 20,PALOMAR,10 un.,"33,80"
6470,Materiais Elétricos PAMPULHA,Materiais Elétricos e Ferramentas,CAIXA DE PASSAGEM DE EMBUTIR CHAPA 40 x 40,PALOMAR,1 un.,"116,00"
7721,Materiais Elétricos PAMPULHA,Materiais Elétricos e Ferramentas,CAIXA DE PASSAGEM DE EMBUTIR PVC 20 x 20 Branca,BIKI,1 un.,"36,80"
8008,Materiais Elétricos PAMPULHA,Materiais Elétricos e Ferramentas,CAIXA DE PASSAGEM DE EMBUTIR PVC 20 x 20 CINZA,RCA,1 un.,"17,95"
5395,Materiais Elétricos PAMPULHA,Materiais Elétricos e Ferramentas,CAIXA DE PASSAGEM EXTERNA 15 x 15 x 8 PVC BRANCA,PERLEX,1 un.,"17,90"
7696,Materiais Elétricos PAMPULHA,Materiais Elétricos e Ferramentas,CAIXA DE PASSAGEM EXTERNA 22 x 18 x 8 PVC BRANCA,PERLEX,1 un.,"31,70"
7386,Materiais Elétricos PAMPULHA,Materiais Elétricos e Ferramentas,"CAIXA EXTERNA P/INTERRUPTOR DE VENTILADOR 12CM x 7,50CM",APLACEL,1 un.,"5,20"
2180,Materiais Elétricos PAMPULHA,Materiais Elétricos e Ferramentas,CAIXA PADRÃO CEMIG C M 1 MONOFÁSICA,J S A,1 un.,"99,70"
2181,Materiais Elétricos PAMPULHA,Materiais Elétricos e Ferramentas,CAIXA PADRÃO CEMIG C M 13 MONOFÁSICA VIA PÚBLICA,J S A,1 un.,"113,60"
1830,Materiais Elétricos PAMPULHA,Materiais Elétricos e Ferramentas,CAIXA PADRÃO CEMIG C M 14 TRIFÁSICA VIA PÚBLICA,J S A,1 un.,"175,80"
2396,Materiais Elétricos PAMPULHA,Materiais Elétricos e Ferramentas,CAIXA PADRÃO CEMIG C M 2 TRIFÁSICA,J S A,1 un.,"169,80"
2005,Materiais Elétricos PAMPULHA,Materiais Elétricos e Ferramentas,CAIXA PADRÃO CEMIG C M 7 DE DERIVAÇÃO POLIFÁSICA,J S A,1 un.,"167,80"
2006,Materiais Elétricos PAMPULHA,Materiais Elétricos e Ferramentas,CAIXA PADRÃO CEMIG C M 8 CHAVE GERAL,J S A,1 un.,"189,00"
3891,Materiais Elétricos PAMPULHA,Materiais Elétricos e Ferramentas,CALHA SLIM P/LÂMPADA DE LED 2 x 10W 60CM,BLUMENAU,10 un.,"22,50"
3893,Materiais Elétricos PAMPULHA,Materiais Elétricos e Ferramentas,"CALHA SLIM P/LÂMPADA DE LED 2 x 20W 1,20CM",BLUMENAU,10 un.,"33,70"
3441/3314,Materiais Elétricos PAMPULHA,Materiais Elétricos e Ferramentas,CAMPAINHA CIGARRA EMBUTIR 127V OU EXTERNA BRANCA 127V,BIKI,20 un.,"15,90"
924,Materiais Elétricos PAMPULHA,Materiais Elétricos e Ferramentas,CAMPAINHA MUSICAL C/TERMOSTATO BRANCA 127V,BIKI,20 un.,"41,00"
2096,Materiais Elétricos PAMPULHA,Materiais Elétricos e Ferramentas,CAMPAINHA MUSICAL S/FIO C/PINO 2PÓLOS 127V,IMPORTADO,1 un.,"31,80"
7115,Materiais Elétricos PAMPULHA,Materiais Elétricos e Ferramentas,CANALETA 10 x 10 (FINA) 2MTS BRANCA C/FITA DUPLA FACE,ENERBRAS,20 un.,"6,90"
2064,Materiais Elétricos PAMPULHA,Materiais Elétricos e Ferramentas,CANALETA 20 x 10 - CONEXÃO COTOVELO 90º,TRAMONTINA,50 un.,"1,70"
2060/2061,Materiais Elétricos PAMPULHA,Materiais Elétricos e Ferramentas,"CANALETA 20 x 10 - CONEXÃO LUVA OU JUNÇÃO ""T""",TRAMONTINA,50 un.,"1,20"
5205,Materiais Elétricos PAMPULHA,Materiais Elétricos e Ferramentas,CANALETA 20 x 10 2MTS BRANCA C/FITA DUPLA FACE,ENERBRAS,30 un.,"6,30"
2062/2063,Materiais Elétricos PAMPULHA,Materiais Elétricos e Ferramentas,CANALETA 20 x 10 CONEXÃO COTOVELO INTERNO OU EXTERNO,TRAMONTINA,50 un.,"0,90"
5809,Materiais Elétricos PAMPULHA,Materiais Elétricos e Ferramentas,CANALETA 20 x 12 2MTS BRANCA C/FITA DUPLA FACE,PIAL,30 un.,"11,40"
SC-0001,Materiais Elétricos PAMPULHA,Materiais Elétricos e Ferramentas,"CANALETA 40 x 15 - CONEXÕES (COTOVELOS 90º/INT./EXT./""T""/LUVA e LUVA P/PONTA)",ENERBRAS,25 un.,"2,60"
8048,Materiais Elétricos PAMPULHA,Materiais Elétricos e Ferramentas,CANALETA 40 x 15 2MTS BRANCA C/FITA DUPLA FACE,ENEREBRÁS,10 un.,"21,90"
5571,Materiais Elétricos PAMPULHA,Materiais Elétricos e Ferramentas,CANALETA 40 x 16 2MTS BRANCA C/FITA DUPLA FACE,PERLEX,10 un.,"19,40"
SC-0002,Materiais Elétricos PAMPULHA,Materiais Elétricos e Ferramentas,"CANALETA 50 x 20 - CONEXÕES (COTOVELOS 90º/INT./EXT./""T""/LUVA e LUVA P/PONTA)",ENERBRAS,25 un.,"3,70"
7514,Materiais Elétricos PAMPULHA,Materiais Elétricos e Ferramentas,CANALETA 50 x 20 2MTS BRANCA C/FITA DUPLA FACE,ENERBRAS,7 un.,"48,90"
2342,Materiais Elétricos PAMPULHA,Materiais Elétricos e Ferramentas,CANALETA 50 x 20 2MTS BRANCA S/FITA DUPLA FACE,ENERBRÁS,7 un.,"28,90"
6422,Materiais Elétricos PAMPULHA,Materiais Elétricos e Ferramentas,CANALETA P/PISO 52CM x 14CM 2MTS S/FITA DUPLA FACE,ENERBRAS,7 un.,"55,40"
8141,Materiais Elétricos PAMPULHA,Materiais Elétricos e Ferramentas,CAPACITOR P/PORTÃO ELETRÔNICO 250V x 25UF,DIVERSOS,1 un.,"14,90"
6384/7785/6387,Materiais Elétricos PAMPULHA,Materiais Elétricos e Ferramentas,CAPACITOR P/VENTILADOR 250V x 3UF + 7UF OU 250V x 4UF + 6UF OU 250V x 12UF,DIVERSOS,1 un.,"12,70"
6385/7784/6386,Materiais Elétricos PAMPULHA,Materiais Elétricos e Ferramentas,CAPACITOR P/VENTILADOR 250V x 6UF OU 250V x 8UF OU 250V x 10UF,DIVERSOS,1 un.,"8,90"
1483/1482,Materiais Elétricos PAMPULHA,Materiais Elétricos e Ferramentas,CHAVE BIPOLAR 10A CS-301C OU CHAVE BIPOLAR 15A CS-301B,MAR-GIRIUS,1 un.,"52,80"
1490/1491,Materiais Elétricos PAMPULHA,Materiais Elétricos e Ferramentas,CHAVE BIPOLAR 15A 14201 OU CHAVE BIPOLAR 15A C/PONTO MORTO 14203,MAR-GIRIUS,1 un.,"69,00"
6183,Materiais Elétricos PAMPULHA,Materiais Elétricos e Ferramentas,CHAVE BIPOLAR 15A ALVANCA CROMADA 14223,MAR-GIRIUS,1 un.,"50,80"
1481,Materiais Elétricos PAMPULHA,Materiais Elétricos e Ferramentas,CHAVE BIPOLAR 20A CS-301A,MAR-GIRIUS,1 un.,"55,80"
1728,Materiais Elétricos PAMPULHA,Materiais Elétricos e Ferramentas,CHAVE BIPOLAR 3A MICRO ALAVANCA METAL 17201,MAR-GIRIUS,1 un.,"29,00"
6116,Materiais Elétricos PAMPULHA,Materiais Elétricos e Ferramentas,CHAVE BÓIA 1 x 25A 250V INFERIOR / SUPERIOR CB-3001,MAR-GIRIUS,1 un.,"54,40"
1738/1739,Materiais Elétricos PAMPULHA,Materiais Elétricos e Ferramentas,CHAVE MICRO HASTE CURTA 20A MG2605 OU HASTE CURTA C/RODIZIO 20A MG2606,MAR-GIRIUS,1 un.,"34,40"
1736/1737,Materiais Elétricos PAMPULHA,Materiais Elétricos e Ferramentas,CHAVE MICRO HASTE LONGA 20A MG2603 OU HASTE LONGA C/RODIZIO 20A MG2604,MAR-GIRIUS,1 un.,"56,40"
1741/1742,Materiais Elétricos PAMPULHA,Materiais Elétricos e Ferramentas,CHAVE MICRO PINO 15A A1 40108 OU CHAVE MICRO C/HASTE 15A A2 40108,MAR-GIRIUS,1 un.,"26,50"
1735,Materiais Elétricos PAMPULHA,Materiais Elétricos e Ferramentas,CHAVE MICRO PINO BÁSICO 20A MG2601,MAR-GIRIUS,1 un.,"24,20"
1740,Materiais Elétricos PAMPULHA,Materiais Elétricos e Ferramentas,CHAVE MICRO PINO BÁSICO 20A MG2607,MAR-GIRIUS,1 un.,"51,80"
1722,Materiais Elétricos PAMPULHA,Materiais Elétricos e Ferramentas,CHAVE PORTA FUSÍVEL - ROSCA 20AG 11005/F,MAR-GIRIUS,1 un.,"11,60"
1499,Materiais Elétricos PAMPULHA,Materiais Elétricos e Ferramentas,CHAVE REVERSÃO TRIPOLAR 15A CR-501K,MAR-GIRIUS,1 un.,"117,80"
5206,Materiais Elétricos PAMPULHA,Materiais Elétricos e Ferramentas,CHAVE REVERSÃO TRIPOLAR 30A CR-603-03/F,MAR-GIRIUS,1 un.,"155,80"
3430,Materiais Elétricos PAMPULHA,Materiais Elétricos e Ferramentas,CHAVE TESTE COMUM,FERTAK,12 un.,"1,90"
6875,Materiais Elétricos PAMPULHA,Materiais Elétricos e Ferramentas,CHAVE TESTE DIGITAL,MEGA,1 un.,"5,50"
1264,Materiais Elétricos PAMPULHA,Materiais Elétricos e Ferramentas,CHAVE TESTE/CONTINUIDADE/TENSÃO,DIVERSOS,1 un.,"12,80"
4358,Materiais Elétricos PAMPULHA,Materiais Elétricos e Ferramentas,CHAVE TOMADA DE PAINEL C/3PÓLOS 10A TPA2,MAR-GIRIUS,1 un.,"7,80"
1492,Materiais Elétricos PAMPULHA,Materiais Elétricos e Ferramentas,CHAVE TRIPOLAR 15A 14301,MAR-GIRIUS,1 un.,"114,70"
1497,Materiais Elétricos PAMPULHA,Materiais Elétricos e Ferramentas,CHAVE TRIPOLAR 15A CS-501KS LIGA - DESLIGA,MAR-GIRIUS,1 un.,"119,60"
1477/1478,Materiais Elétricos PAMPULHA,Materiais Elétricos e Ferramentas,CHAVE TRIPOLAR 20A BOTÃO PRETO/VERMELHO CS-101 OU 30A CS-101 TP/CC,MAR-GIRIUS,1 un.,"76,90"
2074/1948,Materiais Elétricos PAMPULHA,Materiais Elétricos e Ferramentas,CHAVE TRIPOLAR 20A BOTÃO PRETO/VERMELHO CS-102TS OU TRIPOLAR 30A CS-102TP,MAR-GIRIUS,1 un.,"59,40"
1479,Materiais Elétricos PAMPULHA,Materiais Elétricos e Ferramentas,CHAVE TRIPOLAR 20A CS-301,MAR-GIRIUS,1 un.,"82,60"
1480,Materiais Elétricos PAMPULHA,Materiais Elétricos e Ferramentas,CHAVE TRIPOLAR 30A CS-301P,MAR-GIRIUS,1 un.,"72,80"
5208,Materiais Elétricos PAMPULHA,Materiais Elétricos e Ferramentas,CHAVE TRIPOLAR 30A LIGA-DESLIGA CS-603,MAR-GIRIUS,1 un.,"131,70"
1724,Materiais Elétricos PAMPULHA,Materiais Elétricos e Ferramentas,CHAVE UNIPOLAR 10A LIGA-DESLIGA 15123,MAR-GIRIUS,1 un.,"25,50"
1726,Materiais Elétricos PAMPULHA,Materiais Elétricos e Ferramentas,CHAVE UNIPOLAR 10A TECLA REDONDA PRETA 16123,MAR-GIRIUS,1 un.,"12,40"
1495,Materiais Elétricos PAMPULHA,Materiais Elétricos e Ferramentas,CHAVE UNIPOLAR 10A TECLA RETANGULAR PRETA 16123,MAR-GIRIUS,1 un.,"8,80"
1488,Materiais Elétricos PAMPULHA,Materiais Elétricos e Ferramentas,CHAVE UNIPOLAR 15A 14101,MAR-GIRIUS,1 un.,"41,00"
1494,Materiais Elétricos PAMPULHA,Materiais Elétricos e Ferramentas,CHAVE UNIPOLAR 15A 14123,MAR-GIRIUS,1 un.,"47,40"
1489,Materiais Elétricos PAMPULHA,Materiais Elétricos e Ferramentas,CHAVE UNIPOLAR 15A COM PONTO MORTO 14103,MAR-GIRIUS,1 un.,"59,80"
1898,Materiais Elétricos PAMPULHA,Materiais Elétricos e Ferramentas,CHAVE UNIPOLAR 3A MFTFE 16103,MAR-GIRIUS,1 un.,"10,70"
1727/1725,Materiais Elétricos PAMPULHA,Materiais Elétricos e Ferramentas,CHAVE UNIPOLAR 3A MICRO ALAV. METAL 17101 OU CHAVE UNIP. 6A LIGA/DESL VERMELHA 16123,MAR-GIRIUS,1 un.,"22,60"
1496/1744,Materiais Elétricos PAMPULHA,Materiais Elétricos e Ferramentas,CHAVE UNIPOLAR 6A PAINEL 20123 OU CHAVE UNIPOLAR 3A PULSADOR 20127,MAR-GIRIUS,1 un.,"13,40"
1484,Materiais Elétricos PAMPULHA,Materiais Elétricos e Ferramentas,CHAVE UNIPOLAR ALAVANCA CROMADA 6A CS-301D,MAR-GIRIUS,1 un.,"28,20"
1486/1485,Materiais Elétricos PAMPULHA,Materiais Elétricos e Ferramentas,CHAVE UNIPOLAR ALAVANCA PRETA 6A CS-301D OU VERMELHA 6A CS-301D,MAR-GIRIUS,1 un.,"17,40"
1732,Materiais Elétricos PAMPULHA,Materiais Elétricos e Ferramentas,CHAVE UNIPOLAR BOTÃO LIGA - DESLIGA 10A 36123,MAR-GIRIUS,1 un.,"18,40"
1733/1734,Materiais Elétricos PAMPULHA,Materiais Elétricos e Ferramentas,CHAVE UNIPOLAR BOTÃO LIGA - DESLIGA VERDE OU VERMELHA 1A N. A. CS-390P1,MAR-GIRIUS,1 un.,"34,40"
1729,Materiais Elétricos PAMPULHA,Materiais Elétricos e Ferramentas,"CHAVE UNIPOLAR BOTÃO PEQUENO N. A . LIGA - DESLIGA 0,5A 18531",MAR-GIRIUS,1 un.,"19,90"
4296,Materiais Elétricos PAMPULHA,Materiais Elétricos e Ferramentas,CINTA DE AÇO PERFURADA 17MM x 10MTS (FITA),MONTEC,1 un.,"18,50"
7593,Materiais Elétricos PAMPULHA,Materiais Elétricos e Ferramentas,CINTA DE AÇO PERFURADA 17MM x 30MTS (FITA),MONTEC,1 un.,"63,80"
8137,Materiais Elétricos PAMPULHA,Materiais Elétricos e Ferramentas,"CLIPS P/CABO DE ACO 5/16""",FERTAK,1 un.,"0,70"
6785,Materiais Elétricos PAMPULHA,Materiais Elétricos e Ferramentas,"CLIPS P/CABO DE AÇO 1/2""",FERTAK,1 un.,"2,70"
6784,Materiais Elétricos PAMPULHA,Materiais Elétricos e Ferramentas,"CLIPS P/CABO DE AÇO 1/4""",FERTAK,1 un.,"0,65"
6970,Materiais Elétricos PAMPULHA,Materiais Elétricos e Ferramentas,"CLIPS P/CABO DE AÇO 3/8""",FERTAK,1 un.,"1,55"
4035,Materiais Elétricos PAMPULHA,Materiais Elétricos e Ferramentas,"COLHER DE PEDREIRO RETA 8"" C/CABO DE MADEIRA",FERTAK,1 un.,"8,90"
7936,Materiais Elétricos PAMPULHA,Materiais Elétricos e Ferramentas,"COLHER DE PEDREIRO RETA 9"" C/CABO DE MADEIRA",FERTAK,1 un.,"9,60"
7761,Materiais Elétricos PAMPULHA,Materiais Elétricos e Ferramentas,"CONDULETE ALUMÍNIO - CAIXA MÚLTIPLA ""X"" 1/2"" - 3/4""",TRAMONTINA,1 un.,"11,80"
7837,Materiais Elétricos PAMPULHA,Materiais Elétricos e Ferramentas,"CONDULETE ALUMÍNIO - CONECTOR UNIDUT 1""",TRAMONTINA,1 un.,"3,90"
7777/7753,Materiais Elétricos PAMPULHA,Materiais Elétricos e Ferramentas,"CONDULETE ALUMÍNIO - CONECTOR UNIDUT 1/2"" ou 3/4""",TRAMONTINA,1 un.,"3,50"
7752,Materiais Elétricos PAMPULHA,Materiais Elétricos e Ferramentas,"CONDULETE ALUMÍNIO - EMENDA UNIDUT 3/4""",TRAMONTINA,1 un.,"4,70"
SC-0007,Materiais Elétricos PAMPULHA,Materiais Elétricos e Ferramentas,"CONDULETE ALUMÍNIO - PLACA 1SEÇÃO OU 2SEÇÃO OU 3SECÇÃO OU 2SEÇÃO SEP. 1/2"" - 3/4""",TRAMONTINA,1 un.,"7,90"
8007/7760,Materiais Elétricos PAMPULHA,Materiais Elétricos e Ferramentas,"CONDULETE ALUMÍNIO - PLACA C/SUPORTE 03 MÓDULOS LIZ OU PLACA 01 TOM. VERTICAL 1/2"" - 3/4""",TRAMONTINA,1 un.,"7,20"
7754,Materiais Elétricos PAMPULHA,Materiais Elétricos e Ferramentas,"CONDULETE ALUMÍNIO - PLACA CEGA 1/2"" - 3/4""",TRAMONTINA,1 un.,"3,20"
7762,Materiais Elétricos PAMPULHA,Materiais Elétricos e Ferramentas,"CONDULETE ALUMÍNIO - TAMPÃO DE PVC 3/4""",TRAMONTINA,1 un.,"0,30"
2161/2162,Materiais Elétricos PAMPULHA,Materiais Elétricos e Ferramentas,"CONDULETE PVC - CAIXA MÚLTIPLA S/TAMPA CINZA ""L"" OU ""X""",TRAMONTINA,48 un.,"8,70"
2165,Materiais Elétricos PAMPULHA,Materiais Elétricos e Ferramentas,"CONDULETE PVC - CONECTOR P/SÁIDA DE CAIXA 1""",TRAMONTINA,100 un.,"2,60"
2163,Materiais Elétricos PAMPULHA,Materiais Elétricos e Ferramentas,"CONDULETE PVC - CONECTOR P/SÁIDA DE CAIXA 1/2""",TRAMONTINA,100 un.,"1,85"
2164/2166,Materiais Elétricos PAMPULHA,Materiais Elétricos e Ferramentas,"CONDULETE PVC - CONECTOR P/SÁIDA DE CAIXA 3/4"" OU EMENDA P/CAIXAS 3/4"" "" L"" OU "" X """,TRAMONTINA,100 un.,"1,95"
SC-0008,Materiais Elétricos PAMPULHA,Materiais Elétricos e Ferramentas,CONDULETE PVC - PLACAS 2 x 4 PVC (MOD. DIVERSOS) OU 2 x 4 C/SUP P/03 MÓD. LIZ,TRAMONTINA,48 un.,"4,50"
4470/7864,Materiais Elétricos PAMPULHA,Materiais Elétricos e Ferramentas,CONDULETE PVC - TOMADA 3P 20A S/P C/SUPORTE PRETA OU VERMELHA,PERLEX,30 un.,"6,80"
6213,Materiais Elétricos PAMPULHA,Materiais Elétricos e Ferramentas,CONECTOR BNC FÊMEA C/BORNE P/CÂMERA,MXT,1 un.,"3,40"
6685,Materiais Elétricos PAMPULHA,Materiais Elétricos e Ferramentas,CONECTOR BNC JACK C/BORNE P/CÂMERA,MXT,1 un.,"2,10"
SC-0009,Materiais Elétricos PAMPULHA,Materiais Elétricos e Ferramentas,CONECTOR BNC MACHO C/BORNE P/CÂMERA OU BNC C/MOLA ZINCO 6MM DE SOLDAR 6212/,MXT,1 un.,"2,60"
6684/6973,Materiais Elétricos PAMPULHA,Materiais Elétricos e Ferramentas,CONECTOR BNC P4 C/BORNE P/CÂMERA OU EMENDA BNC ZINCO FÊMEA x FÊMEA,MXT,1 un.,"1,70"
7921,Materiais Elétricos PAMPULHA,Materiais Elétricos e Ferramentas,CONECTOR CABO COAXIAL RG59 C/ANEL (PACOTE C/25 PEÇAS),DIVERSOS,1 un.,"12,80"
0098/4379,Materiais Elétricos PAMPULHA,Materiais Elétricos e Ferramentas,CONECTOR CABO COAXIAL RG59 C/ROSCA OU RG6 C/ROSCA P/TV A CABO,DIVERSOS,100 un.,"0,44"
6473,Materiais Elétricos PAMPULHA,Materiais Elétricos e Ferramentas,CONECTOR CABO COAXIAL RG59 EM 90º,IMPORTADO,1 un.,"2,10"
4423,Materiais Elétricos PAMPULHA,Materiais Elétricos e Ferramentas,CONECTOR CABO COAXIAL RG59 P/CRIMPAR,DIVERSOS,100 un.,"0,40"
5394,Materiais Elétricos PAMPULHA,Materiais Elétricos e Ferramentas,CONECTOR CABO COAXIAL RG6 C/ANEL (PACOTE C/25 PEÇAS),DIVERSOS,1 un.,"13,40"
4559,Materiais Elétricos PAMPULHA,Materiais Elétricos e Ferramentas,CONECTOR CABO COAXIAL RG6 DE COMPRENSSÃO LISO 3CM,DIVERSOS,50 un.,"3,30"
1869,Materiais Elétricos PAMPULHA,Materiais Elétricos e Ferramentas,"CONECTOR DE COBRE P/CABO 10,00MM",CONIMEL,50 un.,"7,60"
3323,Materiais Elétricos PAMPULHA,Materiais Elétricos e Ferramentas,"CONECTOR DE COBRE P/CABO 120,00MM",CONIMEL,25 un.,"33,70"
3324,Materiais Elétricos PAMPULHA,Materiais Elétricos e Ferramentas,"CONECTOR DE COBRE P/CABO 150,00MM",CONIMEL,25 un.,"44,50"
1870,Materiais Elétricos PAMPULHA,Materiais Elétricos e Ferramentas,"CONECTOR DE COBRE P/CABO 16,00MM",CONIMEL,50 un.,"9,40"
3325,Materiais Elétricos PAMPULHA,Materiais Elétricos e Ferramentas,"CONECTOR DE COBRE P/CABO 185,00MM",CONIMEL,25 un.,"57,00"
1871,Materiais Elétricos PAMPULHA,Materiais Elétricos e Ferramentas,"CONECTOR DE COBRE P/CABO 25,00MM",CONIMEL,50 un.,"12,90"
1872,Materiais Elétricos PAMPULHA,Materiais Elétricos e Ferramentas,"CONECTOR DE COBRE P/CABO 35,00MM",CONIMEL,50 un.,"14,80"
1873,Materiais Elétricos PAMPULHA,Materiais Elétricos e Ferramentas,"CONECTOR DE COBRE P/CABO 50,00MM",CONIMEL,50 un.,"17,20"
1868,Materiais Elétricos PAMPULHA,Materiais Elétricos e Ferramentas,"CONECTOR DE COBRE P/CABO 6,00MM",CONIMEL,50 un.,"7,40"
3322,Materiais Elétricos PAMPULHA,Materiais Elétricos e Ferramentas,"CONECTOR DE COBRE P/CABO 95,00MM",CONIMEL,25 un.,"29,90"
2544,Materiais Elétricos PAMPULHA,Materiais Elétricos e Ferramentas,"CONECTOR DE LOUÇA BIPOLAR GRANDE P/CABO ATÉ 16,00MM",DIVERSOS,50 un.,"3,20"
2549,Materiais Elétricos PAMPULHA,Materiais Elétricos e Ferramentas,"CONECTOR DE LOUÇA BIPOLAR PEQUENO P/CABO ATÉ 10,00MM",DIVERSOS,50 un.,"1,80"
2681,Materiais Elétricos PAMPULHA,Materiais Elétricos e Ferramentas,"CONECTOR DE LOUÇA TRIPOLAR GRANDE P/CABO ATÉ 16,00MM",DIVERSOS,50 un.,"4,60"
2682,Materiais Elétricos PAMPULHA,Materiais Elétricos e Ferramentas,"CONECTOR DE LOUÇA TRIPOLAR PEQUENO P/CABO ATÉ 10,00MM",DIVERSOS,50 un.,"2,80"
7384,Materiais Elétricos PAMPULHA,Materiais Elétricos e Ferramentas,"CONECTOR DERIVAÇÃO 0,50MM / 1,00MM VERMELHO",DIVERSOS,1 un.,"0,42"
7450,Materiais Elétricos PAMPULHA,Materiais Elétricos e Ferramentas,CONECTOR GENÉRICO C/PINO ATÉ 25MM,ENERBRÁS,1 un.,"8,95"
7553/7028,Materiais Elétricos PAMPULHA,Materiais Elétricos e Ferramentas,CONECTOR JUNÇÃO 1 POLO EMENDA 4MM - 02212411 OU CONECTOR 3 POLOS 4MM - 02210413,WAGO,50 un.,"3,90"
7027,Materiais Elétricos PAMPULHA,Materiais Elétricos e Ferramentas,CONECTOR JUNÇÃO 2 POLOS 4MM - 02210412,WAGO,100 un.,"3,00"
7030,Materiais Elétricos PAMPULHA,Materiais Elétricos e Ferramentas,CONECTOR JUNÇÃO 2 POLOS 6MM - 02210612,WAGO,50 un.,"5,70"
7031,Materiais Elétricos PAMPULHA,Materiais Elétricos e Ferramentas,CONECTOR JUNÇÃO 3 POLOS 6MM - 02210613,WAGO,30 un.,"6,70"
7029,Materiais Elétricos PAMPULHA,Materiais Elétricos e Ferramentas,CONECTOR JUNÇÃO 5 POLOS 4MM - 02210415,WAGO,25 un.,"6,00"
1883,Materiais Elétricos PAMPULHA,Materiais Elétricos e Ferramentas,"CONECTOR P/HASTE TERRA COBRE 1/2"" - 5/8""",CONIMEL,50 un.,"4,20"
8129,Materiais Elétricos PAMPULHA,Materiais Elétricos e Ferramentas,CONECTOR PERFURANTE MORCEGO 06MM/120MM,CONIMEL,1 un.,"15,80"
8011,Materiais Elétricos PAMPULHA,Materiais Elétricos e Ferramentas,CONECTOR PERFURANTE MORCEGO 10MM/120MM,DIVERSOS,1 un.,"8,80"
8096,Materiais Elétricos PAMPULHA,Materiais Elétricos e Ferramentas,CONECTOR PERFURANTE MORCEGO 10MM/150MM,DIVERSOS,1 un.,"11,25"
7677,Materiais Elétricos PAMPULHA,Materiais Elétricos e Ferramentas,CONECTOR PERFURANTE MORCEGO 10MM/95MM,DIVERSOS,1 un.,"5,95"
8097,Materiais Elétricos PAMPULHA,Materiais Elétricos e Ferramentas,CONECTOR PERFURANTE MORCEGO 16MM/120MM,DIVERSOS,1 un.,"24,40"
7924,Materiais Elétricos PAMPULHA,Materiais Elétricos e Ferramentas,"CONECTOR PRENSA CABO BSP IP68 C/ROSCA 3/8""",MARGIRIUS,1 un.,"1,49"
3321,Materiais Elétricos PAMPULHA,Materiais Elétricos e Ferramentas,"CONECTOR ROSQUEÁVEL 0,50MM A 1,50MM CINZA C/50 UNDS",DIVERSOS,1 un.,"5,60"
3673,Materiais Elétricos PAMPULHA,Materiais Elétricos e Ferramentas,"CONECTOR ROSQUEÁVEL 0,50MM A 2,50MM AZUL C/50 UNDS",DIVERSOS,1 un.,"5,90"
2106,Materiais Elétricos PAMPULHA,Materiais Elétricos e Ferramentas,"CONECTOR ROSQUEÁVEL 1,00MM A 4,00MM LARANJA C/50 UNDS",DIVERSOS,1 un.,"8,70"
3674,Materiais Elétricos PAMPULHA,Materiais Elétricos e Ferramentas,"CONECTOR ROSQUEÁVEL 1,00MM A 6,00MM AMARELO C/50 UNDS",DIVERSOS,1 un.,"11,80"
6810,Materiais Elétricos PAMPULHA,Materiais Elétricos e Ferramentas,"CONECTOR ROSQUEÁVEL 4,00MM A 16,00MM VERMELHO C/50 UNDS",DIVERSOS,1 un.,"17,40"
4378,Materiais Elétricos PAMPULHA,Materiais Elétricos e Ferramentas,"CONECTOR SCOTCHLOK DERIVAÇÃO 0,50MM / 1,50MM IDC558",3M,500 un.,"2,70"
6145,Materiais Elétricos PAMPULHA,Materiais Elétricos e Ferramentas,"CONECTOR SCOTCHLOK DERIVAÇÃO 1,50MM / 4,50MM IDC567",3M,1000 un.,"5,10"
4377,Materiais Elétricos PAMPULHA,Materiais Elétricos e Ferramentas,"CONECTOR SCOTCHLOK EMENDA 0,50MM / 1,50MM IDC557",3M,500 un.,"2,70"
1798,Materiais Elétricos PAMPULHA,Materiais Elétricos e Ferramentas,"CONECTOR SINDAL ( PVC ) 10,00MM BARRA C/06 PARES",BRASFORT,10 un.,"6,80"
1799,Materiais Elétricos PAMPULHA,Materiais Elétricos e Ferramentas,"CONECTOR SINDAL ( PVC ) 16,00MM BARRA C/06 PARES",BRASFORT,10 un.,"13,80"
6815,Materiais Elétricos PAMPULHA,Materiais Elétricos e Ferramentas,"CONECTOR SINDAL ( PVC ) 25,00MM BARRA C/06 PARES",BRASFORT,10 un.,"19,80"
1797,Materiais Elétricos PAMPULHA,Materiais Elétricos e Ferramentas,"CONECTOR SINDAL ( PVC ) 4,00MM BARRA C/06 PARES",BRASFORT,10 un.,"4,30"
1772,Materiais Elétricos PAMPULHA,Materiais Elétricos e Ferramentas,"CONECTOR SINDAL ( PVC ) 6,00MM BARRA C/06 PARES",BRASFORT,10 un.,"4,80"
6146,Materiais Elétricos PAMPULHA,Materiais Elétricos e Ferramentas,CONECTOR SPLIT BOLT LATÃO P/CABO 06MM,DIVERSOS,1 un.,"4,90"
6147,Materiais Elétricos PAMPULHA,Materiais Elétricos e Ferramentas,CONECTOR SPLIT BOLT LATÃO P/CABO 10MM,DIVERSOS,10 un.,"5,00"
6148,Materiais Elétricos PAMPULHA,Materiais Elétricos e Ferramentas,CONECTOR SPLIT BOLT LATÃO P/CABO 16MM,DIVERSOS,10 un.,"6,30"
6149,Materiais Elétricos PAMPULHA,Materiais Elétricos e Ferramentas,CONECTOR SPLIT BOLT LATÃO P/CABO 25MM,DIVERSOS,10 un.,"8,60"
6150,Materiais Elétricos PAMPULHA,Materiais Elétricos e Ferramentas,CONECTOR SPLIT BOLT LATÃO P/CABO 35MM,DIVERSOS,10 un.,"12,80"
6625,Materiais Elétricos PAMPULHA,Materiais Elétricos e Ferramentas,CONECTOR SPLIT BOLT LATÃO P/CABO 50MM,DIVERSOS,10 un.,"19,70"
6626,Materiais Elétricos PAMPULHA,Materiais Elétricos e Ferramentas,CONECTOR SPLIT BOLT LATÃO P/CABO 70MM,DIVERSOS,10 un.,"21,80"
7820,Materiais Elétricos PAMPULHA,Materiais Elétricos e Ferramentas,CONECTOR SPLIT BOLT LATÃO P/CABO 95MM,DIVERSOS,10 un.,"35,60"
6286,Materiais Elétricos PAMPULHA,Materiais Elétricos e Ferramentas,CONTROLE P/ PORTÃO ELETRÔNICO PPA C/SUPORTE,PPA,1 un.,"26,00"
5761,Materiais Elétricos PAMPULHA,Materiais Elétricos e Ferramentas,CONTROLE P/PORTÃO ELETRÔNICO MODELO TX3C PECININ C/03 BOTÕES,PECCININ,1 un.,"37,90"
5763,Materiais Elétricos PAMPULHA,Materiais Elétricos e Ferramentas,CONTROLE P/PORTÃO ELETRÔNICO MODELO TXPRICE MC GRACIA C/03 BOTÕES,MC GARCIA,1 un.,"37,20"
5762,Materiais Elétricos PAMPULHA,Materiais Elétricos e Ferramentas,CONTROLE P/PORTÃO ELETRÔNICO ROSSI MODELO TXHCS (ROLLING CODE),ROSSI,1 un.,"45,80"
7542,Materiais Elétricos PAMPULHA,Materiais Elétricos e Ferramentas,CONVERSOR/GRAVADOR DIGITAL FULL HD DTV-9000,AQUÁRIO,1 un.,"109,00"
8045,Materiais Elétricos PAMPULHA,Materiais Elétricos e Ferramentas,CORDÃO DE LUZ MODELO TIPO VARAL 5MTS C/10 SOQUETES E27 IP65,KIAN,1 un.,"78,90"
2051/2052,Materiais Elétricos PAMPULHA,Materiais Elétricos e Ferramentas,"CORDÃO P/FERRO A VAPOR (ENCAIXE) / FERRO COMUM (FORQUILHA) 1,75MTS",FC,1 un.,"14,90"
6421,Materiais Elétricos PAMPULHA,Materiais Elétricos e Ferramentas,"CUNHA P/ABRAÇADEIRA TIPO ""D""",MONTEC,50 un.,"0,20"
7010,Materiais Elétricos PAMPULHA,Materiais Elétricos e Ferramentas,DIMER / INTERRUPTOR VENTILADOR ROTATIVO EXTERNO C/TECLA,APLACEL,1 un.,"17,90"
7013,Materiais Elétricos PAMPULHA,Materiais Elétricos e Ferramentas,DIMER ROTATIVO DE EMBUTIR BRANCO,APLACEL,1 un.,"16,20"
7412,Materiais Elétricos PAMPULHA,Materiais Elétricos e Ferramentas,DIMER ROTATIVO EMBUTIR C/TECLA,APLACEL,1 un.,"18,40"
5475/5517,Materiais Elétricos PAMPULHA,Materiais Elétricos e Ferramentas,DISJUNTOR BIPOLAR 40A / 50A - DIN EUROPEU,GE,6 un.,"36,90"
7358,Materiais Elétricos PAMPULHA,Materiais Elétricos e Ferramentas,"DISJUNTOR BIPOLAR 50A ""C"" PADRÃO CEMIG DIN EUROPEU",GE,6 un.,"48,90"
7449,Materiais Elétricos PAMPULHA,Materiais Elétricos e Ferramentas,"DISJUNTOR BIPOLAR 63A ""C"" PADRÃO CEMIG DIN EUROPEU",GE,1 un.,"94,70"
5478,Materiais Elétricos PAMPULHA,Materiais Elétricos e Ferramentas,DISJUNTOR BIPOLAR 63A - DIN EUROPEU,GE,6 un.,"52,30"
SC-0014,Materiais Elétricos PAMPULHA,Materiais Elétricos e Ferramentas,DISJUNTOR BIPOLAR 16A / 20A / 25A / 32A - DIN EUROPEU,SOPRANO,6 un.,"28,30"
SC-0013,Materiais Elétricos PAMPULHA,Materiais Elétricos e Ferramentas,DISJUNTOR BIPOLAR 16A /20A / 25A / 32A - DIN EUROPEU,GE,6 un.,"34,90"
8006,Materiais Elétricos PAMPULHA,Materiais Elétricos e Ferramentas,DISJUNTOR BIPOLAR 20KA DIN DPS 275V,SOPRANO,1 un.,"129,80"
SC-0015,Materiais Elétricos PAMPULHA,Materiais Elétricos e Ferramentas,DISJUNTOR BIPOLAR 40A / 50A / 63A - DIN EUROPEU,SOPRANO,6 un.,"31,00"
7659,Materiais Elétricos PAMPULHA,Materiais Elétricos e Ferramentas,DISJUNTOR BIPOLAR 40A 5KA NEMA,SOIPRANO,9 un.,"89,00"
8099,Materiais Elétricos PAMPULHA,Materiais Elétricos e Ferramentas,DISJUNTOR BIPOLAR 45KA DIN DPS 275V,SOPRANO,1 un.,"170,96"
7660,Materiais Elétricos PAMPULHA,Materiais Elétricos e Ferramentas,DISJUNTOR BIPOLAR 60A 5KA NEMA,SOIPRANO,9 un.,"106,00"
7381,Materiais Elétricos PAMPULHA,Materiais Elétricos e Ferramentas,DISJUNTOR DIFERENCIAL - DR 2 MÓDULOS 30MA 230V 40A,GE,1 un.,"156,00"
4245,Materiais Elétricos PAMPULHA,Materiais Elétricos e Ferramentas,DISJUNTOR DIFERENCIAL - DR 2 MÓDULOS 30MA 230V 63A,GE,1 un.,"189,00"
SC-0016,Materiais Elétricos PAMPULHA,Materiais Elétricos e Ferramentas,DISJUNTOR TRIPOLAR 10A / 15A / 20A /25A / 30A / 35A - 5KA NEMA GE,GE,1 un.,"52,00"
SC-0017,Materiais Elétricos PAMPULHA,Materiais Elétricos e Ferramentas,DISJUNTOR TRIPOLAR 16A / 20A / 25A / 32A / 40A / 50A - DIN EUROPEU,GE,4 un.,"52,80"
7380/7359,Materiais Elétricos PAMPULHA,Materiais Elétricos e Ferramentas,"DISJUNTOR TRIPOLAR 40A / 50A ""C"" PADRÃO CEMIG DIN EUROPEU",GE,1 un.,"63,49"
7330,Materiais Elétricos PAMPULHA,Materiais Elétricos e Ferramentas,"DISJUNTOR TRIPOLAR 63A ""C"" PADRÃO CEMIG DIN EUROPEU",GE,1 un.,"96,80"
5477,Materiais Elétricos PAMPULHA,Materiais Elétricos e Ferramentas,DISJUNTOR TRIPOLAR 63A - DIN EUROPEU,GE,1 un.,"84,20"
7919,Materiais Elétricos PAMPULHA,Materiais Elétricos e Ferramentas,DISJUNTOR UNIPOLAR 20A DPS 275V - DIN EUROPEU,SOPRANO,1 un.,"38,90"
7351/7254,Materiais Elétricos PAMPULHA,Materiais Elétricos e Ferramentas,"DISJUNTOR UNIPOLAR 40A / 50A ""C"" PADRÃO CEMIG DIN EUROPEU",GE,12 un.,"16,40"
5486/5516,Materiais Elétricos PAMPULHA,Materiais Elétricos e Ferramentas,DISJUNTOR UNIPOLAR 40A / 50A - DIN EUROPEU,GE,12 un.,"11,80"
7699/7686/7700,Materiais Elétricos PAMPULHA,Materiais Elétricos e Ferramentas,DISJUNTOR UNIPOLAR 40A / 50A / 63A - DIN EUROPEU,SOPRANO,12 un.,"9,70"
7681,Materiais Elétricos PAMPULHA,Materiais Elétricos e Ferramentas,DISJUNTOR UNIPOLAR 60A - 5KA NEMA,SOPRANO,18 un.,"35,90"
7402,Materiais Elétricos PAMPULHA,Materiais Elétricos e Ferramentas,"DISJUNTOR UNIPOLAR 63A ""C"" PADRÃO CEMIG DIN EUROPEU",GE,12 un.,"22,30"
5472,Materiais Elétricos PAMPULHA,Materiais Elétricos e Ferramentas,DISJUNTOR UNIPOLAR 63A - DIN EUROPEU,GE,12 un.,"15,50"
SC-0020,Materiais Elétricos PAMPULHA,Materiais Elétricos e Ferramentas,DISJUNTOR UNIPOLAR 10A / 16A / 20A / 25A / 32A - DIN EUROPEU,GE,12 un.,"9,15"
SC-0018,Materiais Elétricos PAMPULHA,Materiais Elétricos e Ferramentas,DISJUNTOR UNIPOLAR 10A /15A / 20A / 25A / 30A - 5KA NEMA,SOPRANO,18 un.,"13,95"
SC-0021,Materiais Elétricos PAMPULHA,Materiais Elétricos e Ferramentas,DISJUNTOR UNIPOLAR 10A /16A / 20A / 25A / 32A - DIN EUROPEU,SOPRANO,12 un.,"8,20"
SC-0019,Materiais Elétricos PAMPULHA,Materiais Elétricos e Ferramentas,DISJUNTOR UNIPOLAR 35A / 40A / 50A - 5KA NEMA,SOPRANO,18 un.,"29,30"
3641,Materiais Elétricos PAMPULHA,Materiais Elétricos e Ferramentas,DIVISOR DE ANTENA/CABO COAXIAL 02 SAÍDAS,DIVERSOS,10 un.,"5,50"
6292,Materiais Elétricos PAMPULHA,Materiais Elétricos e Ferramentas,DIVISOR DE ANTENA/CABO COAXIAL 02 SAÍDAS 1GHZ,INTERNEED,1 un.,"8,70"
3642,Materiais Elétricos PAMPULHA,Materiais Elétricos e Ferramentas,DIVISOR DE ANTENA/CABO COAXIAL 03 SAÍDAS,DIVERSOS,10 un.,"4,95"
7234,Materiais Elétricos PAMPULHA,Materiais Elétricos e Ferramentas,DIVISOR DE ANTENA/CABO COAXIAL 03 SAÍDAS 1GHZ,DIVERSOS,1 un.,"11,30"
3643,Materiais Elétricos PAMPULHA,Materiais Elétricos e Ferramentas,DIVISOR DE ANTENA/CABO COAXIAL 04 SAÍDAS,FC,10 un.,"3,70"
7724,Materiais Elétricos PAMPULHA,Materiais Elétricos e Ferramentas,DRIVER P/PLAFON / PAINEL ATÉ 24W,IMPORTADO,1 un.,"8,20"
7839,Materiais Elétricos PAMPULHA,Materiais Elétricos e Ferramentas,DRIVER P/PLAFON / PAINEL ATÉ 42W,IMPORTADO,1 un.,"13,80"
7672,Materiais Elétricos PAMPULHA,Materiais Elétricos e Ferramentas,"ELETROCALHA ""T"" HORIZONTAL 50MM x 50MM x 90º",PERFILAÇO,1 un.,"20,67"
7670,Materiais Elétricos PAMPULHA,Materiais Elétricos e Ferramentas,"ELETROCALHA EMENDA INTERNA ""U"" 50MM x 50MM",PERFILAÇO,1 un.,"2,54"
7671,Materiais Elétricos PAMPULHA,Materiais Elétricos e Ferramentas,ELETROCALHA GANCHO SUPORTE VERTICAL 50MM x 50MM,PERFILAÇO,1 un.,"1,60"
7668,Materiais Elétricos PAMPULHA,Materiais Elétricos e Ferramentas,ELETROCALHA PERFURADA 50MM x 50MM x 03 METROS,PERFILAÇO,1 un.,"67,00"
6744,Materiais Elétricos PAMPULHA,Materiais Elétricos e Ferramentas,"ELETRODO 6013 2,50MM C/5KILOS",DIVERSOS,1 un.,"82,60"
2865/2866,Materiais Elétricos PAMPULHA,Materiais Elétricos e Ferramentas,"ELETRODUTO - CABEÇOTE PVC PRETO 1.1/4"" OU 1.1/2""",R C A,1 un.,"3,50"
2863/2864,Materiais Elétricos PAMPULHA,Materiais Elétricos e Ferramentas,"ELETRODUTO - CABEÇOTE PVC PRETO 3/4"" OU 1""",R C A,1 un.,"2,70"
2876,Materiais Elétricos PAMPULHA,Materiais Elétricos e Ferramentas,"ELETRODUTO - CURVA PVC ""S"" x 1""",R C A,1 un.,"2,55"
2878,Materiais Elétricos PAMPULHA,Materiais Elétricos e Ferramentas,"ELETRODUTO - CURVA PVC ""S"" x 1.1/2""",R C A,1 un.,"5,60"
2877,Materiais Elétricos PAMPULHA,Materiais Elétricos e Ferramentas,"ELETRODUTO - CURVA PVC ""S"" x 1.1/4""",R C A,1 un.,"4,70"
2874,Materiais Elétricos PAMPULHA,Materiais Elétricos e Ferramentas,"ELETRODUTO - CURVA PVC ""S"" x 1/2""",R C A,1 un.,"1,25"
2875,Materiais Elétricos PAMPULHA,Materiais Elétricos e Ferramentas,"ELETRODUTO - CURVA PVC ""S"" x 3/4""",R C A,1 un.,"1,60"
2871,Materiais Elétricos PAMPULHA,Materiais Elétricos e Ferramentas,"ELETRODUTO - CURVA PVC 90º x 1""",R C A,1 un.,"1,85"
2873,Materiais Elétricos PAMPULHA,Materiais Elétricos e Ferramentas,"ELETRODUTO - CURVA PVC 90º x 1.1/2""",R C A,1 un.,"3,50"
2872,Materiais Elétricos PAMPULHA,Materiais Elétricos e Ferramentas,"ELETRODUTO - CURVA PVC 90º x 1.1/4""",R C A,1 un.,"2,95"
2869,Materiais Elétricos PAMPULHA,Materiais Elétricos e Ferramentas,"ELETRODUTO - CURVA PVC 90º x 1/2""",R C A,1 un.,"0,85"
2870,Materiais Elétricos PAMPULHA,Materiais Elétricos e Ferramentas,"ELETRODUTO - CURVA PVC 90º x 3/4""",R C A,1 un.,"1,10"
2855,Materiais Elétricos PAMPULHA,Materiais Elétricos e Ferramentas,"ELETRODUTO - LUVA P/ELETRODUTO PVC ROSCA 1""",R C A,50 un.,"0,57"
2857,Materiais Elétricos PAMPULHA,Materiais Elétricos e Ferramentas,"ELETRODUTO - LUVA P/ELETRODUTO PVC ROSCA 1.1/2""",R C A,50 un.,"1,00"
2856,Materiais Elétricos PAMPULHA,Materiais Elétricos e Ferramentas,"ELETRODUTO - LUVA P/ELETRODUTO PVC ROSCA 1.1/4""",R C A,50 un.,"0,87"
2853,Materiais Elétricos PAMPULHA,Materiais Elétricos e Ferramentas,"ELETRODUTO - LUVA P/ELETRODUTO PVC ROSCA 1/2"" (C/20UNDS)",R C A,1 un.,"8,90"
2854,Materiais Elétricos PAMPULHA,Materiais Elétricos e Ferramentas,"ELETRODUTO - LUVA P/ELETRODUTO PVC ROSCA 3/4"" (C/20UNDS)",R C A,1 un.,"10,00"
96,Materiais Elétricos PAMPULHA,Materiais Elétricos e Ferramentas,"EMENDA ""F"" P/CABO COAXIAL",DIVERSOS,1 un.,"0,58"
7200,Materiais Elétricos PAMPULHA,Materiais Elétricos e Ferramentas,EMENDA COTOVELO 90º P/FITA DE LED 127V/220V,IMPORTADO,1 un.,"9,95"
6076,Materiais Elétricos PAMPULHA,Materiais Elétricos e Ferramentas,EMENDA P/CABO HDMI,DIVERSOS,1 un.,"7,30"
7588/6514,Materiais Elétricos PAMPULHA,Materiais Elétricos e Ferramentas,EMENDA P/FITA DE LED 12V OU EMENDA P/FITA DE LED 127V/220V,IMPORTADO,1 un.,"2,60"
5623,Materiais Elétricos PAMPULHA,Materiais Elétricos e Ferramentas,ESCOVA DE AÇO C/CABO PLÁSTICO C/24CM,FERTAK,1 un.,"5,90"
3765,Materiais Elétricos PAMPULHA,Materiais Elétricos e Ferramentas,"ESPÁTULA AÇO CROMADO C/CABO PRETO 10,00CM",ATLAS,12 un.,"13,80"
4814,Materiais Elétricos PAMPULHA,Materiais Elétricos e Ferramentas,"ESPÁTULA AÇO CROMADO C/CABO PRETO 12,50CM",ATLAS,12 un.,"16,20"
4234,Materiais Elétricos PAMPULHA,Materiais Elétricos e Ferramentas,"ESPÁTULA AÇO CROMADO C/CABO PRETO 3,5CM",ATLAS,12 un.,"10,50"
3763,Materiais Elétricos PAMPULHA,Materiais Elétricos e Ferramentas,"ESPÁTULA AÇO CROMADO C/CABO PRETO 6,0CM",ATLAS,12 un.,"10,90"
3764,Materiais Elétricos PAMPULHA,Materiais Elétricos e Ferramentas,"ESPÁTULA AÇO CROMADO C/CABO PRETO 7,50CM",ATLAS,12 un.,"12,20"
7907,Materiais Elétricos PAMPULHA,Materiais Elétricos e Ferramentas,ESPÁTULA CABO PLÁSTICO 06CM AÇO,FERTAK,12 un.,"5,20"
7908,Materiais Elétricos PAMPULHA,Materiais Elétricos e Ferramentas,ESPÁTULA CABO PLÁSTICO 08CM AÇO,FERTAK,12 un.,"5,40"
7909,Materiais Elétricos PAMPULHA,Materiais Elétricos e Ferramentas,ESPÁTULA CABO PLÁSTICO 10CM AÇO,FERTAK,12 un.,"5,70"
7910,Materiais Elétricos PAMPULHA,Materiais Elétricos e Ferramentas,ESPÁTULA CABO PLÁSTICO 12CM AÇO,FERTAK,12 un.,"6,20"
6996,Materiais Elétricos PAMPULHA,Materiais Elétricos e Ferramentas,"ESQUADRO DE AÇO C/CABO DE ALUMÍNIO 12"" x 25CM",FERTAK,1 un.,"9,90"
2331,Materiais Elétricos PAMPULHA,Materiais Elétricos e Ferramentas,EXTENSÃO ELÉTRICA C/PINO C/GRADE S/LÂMPADA 127V 05MTS,DIVERSOS,1 un.,"41,80"
2457,Materiais Elétricos PAMPULHA,Materiais Elétricos e Ferramentas,"EXTENSÃO ELÉTRICA CABO PP 2x0,75MM C/03TOMADAS 03MTS PRETA",F.C.,25 un.,"17,50"
2458,Materiais Elétricos PAMPULHA,Materiais Elétricos e Ferramentas,"EXTENSÃO ELÉTRICA CABO PP 2x0,75MM C/03TOMADAS 05MTS PRETA",F.C.,25 un.,"24,60"
2459,Materiais Elétricos PAMPULHA,Materiais Elétricos e Ferramentas,"EXTENSÃO ELÉTRICA CABO PP 2x0,75MM C/03TOMADAS 10MTS PRETA",F.C.,25 un.,"41,80"
7149,Materiais Elétricos PAMPULHA,Materiais Elétricos e Ferramentas,"EXTENSÃO ELÉTRICA CABO PP 3x0,75MM C/03TOMADAS 05MTS PRETA",F.C.,1 un.,"33,70"
8118,Materiais Elétricos PAMPULHA,Materiais Elétricos e Ferramentas,"EXTENSÃO ELÉTRICA FIO PARALELO 2x0,75MM C/03TOMADAS 03MTS PRETA",JETCOM,1 un.,"10,90"
8119,Materiais Elétricos PAMPULHA,Materiais Elétricos e Ferramentas,"EXTENSÃO ELÉTRICA FIO PARALELO 2x0,75MM C/03TOMADAS 05MTS PRETA",JETCOM,1 un.,"15,70"
6922,Materiais Elétricos PAMPULHA,Materiais Elétricos e Ferramentas,"EXTENSÃO ELÉTRICA FIO PARALELO 2x0,75MM C/03TOMADAS 05MTS PRETA",F.C.,1 un.,"21,90"
8121,Materiais Elétricos PAMPULHA,Materiais Elétricos e Ferramentas,"EXTENSÃO ELÉTRICA FIO PARALELO 2x0,75MM C/03TOMADAS 10MTS PRETA",JETCOM,1 un.,"26,90"
2330,Materiais Elétricos PAMPULHA,Materiais Elétricos e Ferramentas,EXTENSÃO P/BATERIA C/GARRA C/GRADE S/LÂMPADA 12V 05MTS,DIVERSOS,1 un.,"38,80"
8112,Materiais Elétricos PAMPULHA,Materiais Elétricos e Ferramentas,"FACÃO C/CABO DE PLÁSTICO 18""",FERTAK,1 un.,"24,43"
3985,Materiais Elétricos PAMPULHA,Materiais Elétricos e Ferramentas,FECHADURA HDL ELÉTRICA C-90 DUPLA 12V,H D L,1 un.,"329,00"
5882,Materiais Elétricos PAMPULHA,Materiais Elétricos e Ferramentas,FILTRO DE LINHA C/03 TOMADAS 1.00METRO 10A,FIOLUX,1 un.,"24,20"
5884,Materiais Elétricos PAMPULHA,Materiais Elétricos e Ferramentas,FILTRO DE LINHA C/04 TOMADAS 1.00METRO 10A,FIOLUX,1 un.,"25,90"
6258,Materiais Elétricos PAMPULHA,Materiais Elétricos e Ferramentas,FILTRO DE LINHA C/05 TOMADAS 1.00METRO 10A,FIOLUX,1 un.,"27,30"
5883,Materiais Elétricos PAMPULHA,Materiais Elétricos e Ferramentas,FILTRO DE LINHA C/06 TOMADAS 1.00METRO 10A,FIOLUX,1 un.,"29,20"
5703,Materiais Elétricos PAMPULHA,Materiais Elétricos e Ferramentas,FIO DE NYLON 2.00MM x 10MTS P/ROÇADEIRA e APARADOR,BRASFORT,1 un.,"6,20"
931,Materiais Elétricos PAMPULHA,Materiais Elétricos e Ferramentas,FITA AUTOFUSÃO 02MTS,3M,1 un.,"11,30"
161,Materiais Elétricos PAMPULHA,Materiais Elétricos e Ferramentas,FITA AUTOFUSÃO 10MTS,3M,1 un.,"52,50"
8032/8033,Materiais Elétricos PAMPULHA,Materiais Elétricos e Ferramentas,FITA DE LED 127V 9W 6.000K LUZ FRIA 120LEDS P/METRO OU 3000K LUZ QUENTE 120LEDS P/METRO,KIAN,50 un.,"7,70"
7589,Materiais Elétricos PAMPULHA,Materiais Elétricos e Ferramentas,"FITA DE LED 12V 4,5W 6.000K LUZ FRIA C/5MTS 60LEDS POR METRO",IMPORTADO,1 un.,"49,90"
816,Materiais Elétricos PAMPULHA,Materiais Elétricos e Ferramentas,FITA ISOLANTE 05MTS x 18MM IMPERIAL 3M,3M,10 un.,"3,20"
7731,Materiais Elétricos PAMPULHA,Materiais Elétricos e Ferramentas,FITA ISOLANTE 05MTS x 18MM KORETECH,KORETECH,10 un.,"1,10"
8063,Materiais Elétricos PAMPULHA,Materiais Elétricos e Ferramentas,FITA ISOLANTE 05MTS x 19.00MM MEGA,MEGA,10 un.,"1,29"
3416,Materiais Elétricos PAMPULHA,Materiais Elétricos e Ferramentas,FITA ISOLANTE 05MTS x 19MM SCOTH 33+,3M,108 un.,"9,50"
817,Materiais Elétricos PAMPULHA,Materiais Elétricos e Ferramentas,FITA ISOLANTE 10MTS x 18MM IMPERIAL 3M,3M,10 un.,"5,60"
7732,Materiais Elétricos PAMPULHA,Materiais Elétricos e Ferramentas,FITA ISOLANTE 10MTS x 18MM KORETECH,KORETECH,10 un.,"1,65"
8064,Materiais Elétricos PAMPULHA,Materiais Elétricos e Ferramentas,FITA ISOLANTE 10MTS x 19.00MM MEGA,MEGA,10 un.,"1,80"
SC-0025,Materiais Elétricos PAMPULHA,Materiais Elétricos e Ferramentas,FITA ISOLANTE 10MTS x 19MM AMARELA / AZUL / BRANCA / VERDE / VERMELHA,DIVERSOS,10 un.,"2,70"
818,Materiais Elétricos PAMPULHA,Materiais Elétricos e Ferramentas,FITA ISOLANTE 20MTS x 18MM IMPERIAL 3M,3M,10 un.,"8,30"
7798,Materiais Elétricos PAMPULHA,Materiais Elétricos e Ferramentas,FITA ISOLANTE 20MTS x 18MM KORETECH,KORETECH,10 un.,"3,60"
8034,Materiais Elétricos PAMPULHA,Materiais Elétricos e Ferramentas,FITA ISOLANTE 20MTS x 19.00MM MEGA,MEGA,10 un.,"4,10"
649,Materiais Elétricos PAMPULHA,Materiais Elétricos e Ferramentas,FITA ISOLANTE 20MTS x 19MM SCOTH 33+,3M,150 un.,"31,90"
4420,Materiais Elétricos PAMPULHA,Materiais Elétricos e Ferramentas,FONTE DE ALIMENTAÇÃO 127V / 220V P/ 12V TRA400,H D L,1 un.,"106,70"
5649,Materiais Elétricos PAMPULHA,Materiais Elétricos e Ferramentas,FONTE DE ALIMENTAÇÃO UNIVERSAL PRETO 30W,DIVERSOS,1 un.,"57,70"
7303,Materiais Elétricos PAMPULHA,Materiais Elétricos e Ferramentas,FONTE ELETRÔNICA BIVOLT P/12V C/PINO P4,M X T,1 un.,"15,88"
7496,Materiais Elétricos PAMPULHA,Materiais Elétricos e Ferramentas,"FORMÃO C/CABO DE MADEIRA 1"" - (25MM)",FERTAK,1 un.,"14,40"
7495,Materiais Elétricos PAMPULHA,Materiais Elétricos e Ferramentas,"FORMÃO C/CABO DE MADEIRA 3/4"" - (20MM)",FERTAK,1 un.,"13,60"
7494,Materiais Elétricos PAMPULHA,Materiais Elétricos e Ferramentas,"FORMÃO C/CABO DE MADEIRA 5/8"" - (16MM)",FERTAK,1 un.,"12,90"
7694,Materiais Elétricos PAMPULHA,Materiais Elétricos e Ferramentas,FUSÍVEL CERÂMICO P/MICRO-ONDAS 6 x 30MM 20A,IMPORTADO,1 un.,"1,60"
SC-0026,Materiais Elétricos PAMPULHA,Materiais Elétricos e Ferramentas,FUSÍVEL DE VIDRO PEQUENO 3A / 5A / 10A / 15A (C/50 PEÇAS),DIVERSOS,1 un.,"19,80"
7023/7022,Materiais Elétricos PAMPULHA,Materiais Elétricos e Ferramentas,GARRA JACARÉ GRANDE 300A 135MM PRETA / VERMELHA,DIVERSOS,1 un.,"10,30"
6932/6934,Materiais Elétricos PAMPULHA,Materiais Elétricos e Ferramentas,GARRA JACARÉ MÉDIA 100A 105MM PRETA / VERMELHA,DIVERSOS,1 un.,"5,20"
6740/6741,Materiais Elétricos PAMPULHA,Materiais Elétricos e Ferramentas,GARRA JACARÉ PEQUENA 15A 75MM PRETA / VERMELHA,DIVERSOS,1 un.,"1,30"
6640/2488/2602,Materiais Elétricos PAMPULHA,Materiais Elétricos e Ferramentas,GRAMPO CLAMP DE FIXAÇÃO TV-04 OU TV-06 OU TV08 BRANCO C/10UNDS,RIB. FABRIL,50 un.,"2,00"
1243/1244,Materiais Elétricos PAMPULHA,Materiais Elétricos e Ferramentas,GRAMPO DE FIXAÇÃO P/CABO COAXIAL C/PREGO COMUM C/15UNDS BRANCO OU PRETO,RIB. FABRIL,50 un.,"2,90"
6536,Materiais Elétricos PAMPULHA,Materiais Elétricos e Ferramentas,GRAMPO DE FIXAÇÃO P/CABO COAXIAL C/PREGO DE AÇO C/15UNDS BRANCO,RIB. FABRIL,50 un.,"5,50"
6365,Materiais Elétricos PAMPULHA,Materiais Elétricos e Ferramentas,"GRAMPO DE FIXAÇÃO P/FIO PARALELO 1,50MM C/15UNDS BRANCO",RIB. FABRIL,50 un.,"2,90"
1573/1572,Materiais Elétricos PAMPULHA,Materiais Elétricos e Ferramentas,GRAMPO MIGUELÃO C/PREGO COMUM C/15UNDS BRANCO OU MARROM,RIB. FABRIL,50 un.,"2,50"
6534/6689,Materiais Elétricos PAMPULHA,Materiais Elétricos e Ferramentas,GRAMPO MIGUELÃO C/PREGO DE AÇO C/15UNDS BRANCO OU MARROM,RIB. FABRIL,50 un.,"4,30"
6309,Materiais Elétricos PAMPULHA,Materiais Elétricos e Ferramentas,GRAMPO P/FIXAÇÃO CABO RG6 16MM BRANCO C/15UNDS,RIB. FABRIL,35 un.,"3,20"
6535,Materiais Elétricos PAMPULHA,Materiais Elétricos e Ferramentas,GRAMPO P/FIXAÇÃO CABO RG6 16MM C/PREGO DE AÇO BRANCO C/15UNDS,RIB. FABRIL,35 un.,"5,20"
6972,Materiais Elétricos PAMPULHA,Materiais Elétricos e Ferramentas,GRAMPO P/FIXAÇÃO CABO RG6 8MM BRANCO C/100UNDS,DIVERSOS,1 un.,"8,30"
5865,Materiais Elétricos PAMPULHA,Materiais Elétricos e Ferramentas,HASTE P/CERCA ELÉTRICA GALVANIZADA C/04 ISOLADORES,MC GARCIA,1 un.,"24,00"
2416,Materiais Elétricos PAMPULHA,Materiais Elétricos e Ferramentas,"HASTE TERRA GALVANIZADA TIPO CANTONEIRA C/CONECTOR 2,40MTS P/PADRÃO",DIVERSOS,5 un.,"86,80"
962,Materiais Elétricos PAMPULHA,Materiais Elétricos e Ferramentas,INTERRUPTOR BIPOLAR 1SECÇÃO S/PLACA 20A,PERLEX,1 un.,"16,40"
4320,Materiais Elétricos PAMPULHA,Materiais Elétricos e Ferramentas,INTERRUPTOR CAMPAINHA C/PLACA PIAL NEREYA,PIAL,1 un.,"7,90"
2127,Materiais Elétricos PAMPULHA,Materiais Elétricos e Ferramentas,INTERRUPTOR CAMPAINHA EXTERNO RETANGULAR BRANCO,PERLEX,40 un.,"8,50"
2076,Materiais Elétricos PAMPULHA,Materiais Elétricos e Ferramentas,INTERRUPTOR EXTERNO RETANGULAR 1SEÇÃO SIMPLES BRANCO,PERLEX,40 un.,"6,30"
2289,Materiais Elétricos PAMPULHA,Materiais Elétricos e Ferramentas,INTERRUPTOR EXTERNO RETANGULAR 1SEÇÃO TRIWÊ BRANCO,PERLEX,40 un.,"8,20"
5103,Materiais Elétricos PAMPULHA,Materiais Elétricos e Ferramentas,INTERRUPTOR EXTERNO RETANGULAR 1SEÇÃO+TOMADA 20A BRANCO,PERLEX,20 un.,"11,30"
1538,Materiais Elétricos PAMPULHA,Materiais Elétricos e Ferramentas,INTERRUPTOR EXTERNO RETANGULAR 2SEÇÃO SIMPLES BRANCO,PERLEX,40 un.,"9,60"
3171,Materiais Elétricos PAMPULHA,Materiais Elétricos e Ferramentas,INTERRUPTOR MEIO FIO BRANCO,PERLEX,40 un.,"4,90"
3920,Materiais Elétricos PAMPULHA,Materiais Elétricos e Ferramentas,INTERRUPTOR P/VENITLADOR DE TETO C/TECLA + CAPACITOR,MARGIRIUS,1 un.,"44,40"
7011,Materiais Elétricos PAMPULHA,Materiais Elétricos e Ferramentas,INTERRUPTOR P/VENTILADOR DE EMBUTIR C/CAPACITOR,APLACEL,1 un.,"25,20"
7012,Materiais Elétricos PAMPULHA,Materiais Elétricos e Ferramentas,INTERRUPTOR P/VENTILADOR DE EMBUTIR S/CAPACITOR,APLACEL,1 un.,"19,40"
7800,Materiais Elétricos PAMPULHA,Materiais Elétricos e Ferramentas,ISOLADOR DE PORCELANA 72 x 54 ( PIMENTÃO ),FERTAK,12 un.,"7,90"
2495,Materiais Elétricos PAMPULHA,Materiais Elétricos e Ferramentas,ISOLADOR P/HASTE EM PVC P/CERCA ELÉTRICA,DIVERSOS,1 un.,"2,70"
7480,Materiais Elétricos PAMPULHA,Materiais Elétricos e Ferramentas,ISOLADOR PINO RESERVA P/BARRAMENTO 05PÓLOS,ENERBRÁS,1 un.,"4,80"
7586,Materiais Elétricos PAMPULHA,Materiais Elétricos e Ferramentas,"LIMA CHATA P/ENXADA 8"" C/CABO PLÁSTICO",K&F,1 un.,"17,70"
8049,Materiais Elétricos PAMPULHA,Materiais Elétricos e Ferramentas,LIZ BRANCA INTERRUPTOR 1S SIMPLES + TOMADA 10A C/PLACA 57170264,TRAMONTINA,120 un.,"16,90"
7956,Materiais Elétricos PAMPULHA,Materiais Elétricos e Ferramentas,LIZ BRANCA INTERRUPTOR 1S SIMPLES C/PLACA 57170201,TRAMONTINA,120 un.,"10,70"
7950,Materiais Elétricos PAMPULHA,Materiais Elétricos e Ferramentas,LIZ BRANCA MÓDULO CAMPAINHA BIVOLT 57115063,TRAMONTINA,5 un.,"53,00"
7948/7949,Materiais Elétricos PAMPULHA,Materiais Elétricos e Ferramentas,LIZ BRANCA MÓDULO CEGO 57115090 OU MÓDULO SAÍDDA DE FIO 57115003,TRAMONTINA,50 un.,"1,00"
7951,Materiais Elétricos PAMPULHA,Materiais Elétricos e Ferramentas,LIZ BRANCA MÓDULO INT 1 SEÇÃO 57115010,TRAMONTINA,50 un.,"6,20"
7952,Materiais Elétricos PAMPULHA,Materiais Elétricos e Ferramentas,LIZ BRANCA MÓDULO INT 1 SEÇÃO TRIWE 57115008,TRAMONTINA,50 un.,"9,70"
7954,Materiais Elétricos PAMPULHA,Materiais Elétricos e Ferramentas,LIZ BRANCA MÓDULO INT BIPOLAR 10A 57115004,TRAMONTINA,10 un.,"21,90"
7955,Materiais Elétricos PAMPULHA,Materiais Elétricos e Ferramentas,LIZ BRANCA MÓDULO INT CAMPAIINHA 57115027,TRAMONTINA,10 un.,"8,20"
7953,Materiais Elétricos PAMPULHA,Materiais Elétricos e Ferramentas,LIZ BRANCA MÓDULO INT INTERMEDIÁRIO 57115003,TRAMONTINA,10 un.,"22,20"
7959,Materiais Elétricos PAMPULHA,Materiais Elétricos e Ferramentas,LIZ BRANCA MÓDULO MÓDULO ANTENA/TV,TRAMONTINA,10 un.,"7,45"
7957,Materiais Elétricos PAMPULHA,Materiais Elétricos e Ferramentas,LIZ BRANCA MÓDULO TOMADA 3P 10A 57115040,TRAMONTINA,50 un.,"6,70"
7958/7962,Materiais Elétricos PAMPULHA,Materiais Elétricos e Ferramentas,LIZ BRANCA MÓDULO TOMADA 3P 20A BRANCA OU TOMADA 3P 20A VERMELHA,TRAMONTINA,50 un.,"7,45"
SC-0046,Materiais Elétricos PAMPULHA,Materiais Elétricos e Ferramentas,LIZ BRANCA PLACA 2 x 4 C/SUPORTE (DIVERSOS MODELOS),TRAMONTINA,20 un.,"5,30"
SC-0047,Materiais Elétricos PAMPULHA,Materiais Elétricos e Ferramentas,LIZ BRANCA PLACA 4 x 4 C/SUPORTE (DIVERSOS MODELOS),TRAMONTINA,20 un.,"11,50"
8050,Materiais Elétricos PAMPULHA,Materiais Elétricos e Ferramentas,LIZ BRANCA TOMADA 3P 10A DUPLA C/PLACA 57170265,TRAMONTINA,120 un.,"17,50"
7960,Materiais Elétricos PAMPULHA,Materiais Elétricos e Ferramentas,LIZ BRANCA TOMADA 3P 10A HORIZONTAL C/PLACA 57170210,TRAMONTINA,120 un.,"9,40"
8051,Materiais Elétricos PAMPULHA,Materiais Elétricos e Ferramentas,LIZ BRANCA TOMADA 3P 20A DUPLA C/PLACA 57170266,TRAMONTINA,120 un.,"18,20"
7961,Materiais Elétricos PAMPULHA,Materiais Elétricos e Ferramentas,LIZ BRANCA TOMADA 3P 20A HORIZONTAL C/PLACA 57170213,TRAMONTINA,120 un.,"11,80"
7428,Materiais Elétricos PAMPULHA,Materiais Elétricos e Ferramentas,LUIBRIFICANTE P/PUXAMENTO DE FIOS/CABOS 200ML,3 M,12 un.,"22,80"
5833,Materiais Elétricos PAMPULHA,Materiais Elétricos e Ferramentas,LUMINÁRIA ALETADA P/02 LÂMPADAS LED 18W / 20W,UTRON,1 un.,"54,80"
5832,Materiais Elétricos PAMPULHA,Materiais Elétricos e Ferramentas,LUMINÁRIA ALETADA P/02 LÂMPADAS LED 9W / 10W,UTRON,1 un.,"34,40"
5409/5415,Materiais Elétricos PAMPULHA,Materiais Elétricos e Ferramentas,LUMINÁRIA ALTO RENDIMENTO P/LED 2x18W OU C/04LÂMPADAS E-27 P/EMBUTIR,BLUMENAU,1 un.,"19,90"
5544/5543,Materiais Elétricos PAMPULHA,Materiais Elétricos e Ferramentas,LUMINÁRIA COLONIAL P/PAREDE C/BRAÇO OU P/TETO C/CORRENTE,DIVERSOS,1 un.,"39,00"
6280,Materiais Elétricos PAMPULHA,Materiais Elétricos e Ferramentas,LUMINÁRIA CÔNICA P/01 LÂMPADA ROSCA E-27,DIVERSOS,1 un.,"45,70"
7497,Materiais Elétricos PAMPULHA,Materiais Elétricos e Ferramentas,LUMINÁRIA DE EMERGÊNCIA 30 LEDS,SEGURIMAX,1 un.,"19,50"
8031,Materiais Elétricos PAMPULHA,Materiais Elétricos e Ferramentas,LUMINÁRIA DE MESA FLEXÍVEL E-27 PRETA,KIAN,1 un.,"44,00"
8036,Materiais Elétricos PAMPULHA,Materiais Elétricos e Ferramentas,LUMINÁRIA LED 18W SLIM BRANCA BIVOLT 50CM 1.400 LUMENS,DIVERSOS,1 un.,"13,90"
8037,Materiais Elétricos PAMPULHA,Materiais Elétricos e Ferramentas,LUMINÁRIA LED 36W SLIM BRANCA 1.00MTS 2.600 LUMENS,DIVERSOS,1 un.,"18,90"
7051,Materiais Elétricos PAMPULHA,Materiais Elétricos e Ferramentas,LUMINÁRIA LED 36W SLIM BRANCA 1.20MTS 2.800 LUMENS,LEDVANCE,1 un.,"18,40"
3234,Materiais Elétricos PAMPULHA,Materiais Elétricos e Ferramentas,"LUMINÁRIA OVAL ABERTA DE ALUMÍNIO C/SOQUETE DE LOUÇA E-27 3/4""",DIVERSOS,1 un.,"36,80"
4374,Materiais Elétricos PAMPULHA,Materiais Elétricos e Ferramentas,"LUMINÁRIA PENDENTE PRISMÁTICA CRISTAL 12"" P/01 LÂMPADA ROSCA E-27",UTRON,1 un.,"68,70"
7527,Materiais Elétricos PAMPULHA,Materiais Elétricos e Ferramentas,"LUMINÁRIA PENDENTE PRISMÁTICA CRISTAL 16"" P/01 LÂMPADA ROSCA E-27",UTRON,1 un.,"116,80"
5686/5520,Materiais Elétricos PAMPULHA,Materiais Elétricos e Ferramentas,LUMINÁRIA PENDENTE TULIPA P/01LÂMPADA E-27 C/CÚPULA PRETA OU VERMELHA,BLUMENAU,1 un.,"89,90"
6952/6951,Materiais Elétricos PAMPULHA,Materiais Elétricos e Ferramentas,LUMINÁRIA TARTARUGA CHAPA C/LENTE DE ACRÍLICO BRANCA OU PRETA,JR,15 un.,"14,60"
7218,Materiais Elétricos PAMPULHA,Materiais Elétricos e Ferramentas,LUMINÁRIA TARTARUGA LED 15W BIVOLT 6.000K BRANCA 1.100 LM,DIVERSOS,1 un.,"22,50"
6817,Materiais Elétricos PAMPULHA,Materiais Elétricos e Ferramentas,LUMINÁRIA TARTARUGA LED 5W BIVOLT 6.500K BRANCA 420 LM,AVANT,1 un.,"17,80"
5721/6049,Materiais Elétricos PAMPULHA,Materiais Elétricos e Ferramentas,LUMINÁRIA TARTARUGA POLICARBONATO GRANDE BRANCA OU PRETA,LALUX,50 un.,"13,70"
6283,Materiais Elétricos PAMPULHA,Materiais Elétricos e Ferramentas,LUMINÁRIA TRIANGULAR GRANDE P/02 LÂMPADAS ROSCA E-27,FÁB. DA LUZ,1 un.,"93,40"
7026,Materiais Elétricos PAMPULHA,Materiais Elétricos e Ferramentas,LUMINÁRIA TRIANGULAR MÉDIA P/01 LÂMPADA ROSCA E-27,FÁB. DA LUZ,1 un.,"79,80"
6281,Materiais Elétricos PAMPULHA,Materiais Elétricos e Ferramentas,LUMINÁRIA TRIANGULAR PEQUENA P/01 LÂMPADA ROSCA E-27,FÁB. DA LUZ,1 un.,"51,00"
7378/7379,Materiais Elétricos PAMPULHA,Materiais Elétricos e Ferramentas,LUZ GUIA LED BARCO 127V AZUL OU LUZ GUIA BORBOELTA LED 127V ROSA,BRASFORT,1 un.,"13,80"
SC-0028,Materiais Elétricos PAMPULHA,Materiais Elétricos e Ferramentas,LÂMPADA BOLINHA COLORIDA 15W x 127V (AM/AZ/CLARA/LEITOSA/VD/VM ),DIVERSOS,25 un.,"3,95"
3597,Materiais Elétricos PAMPULHA,Materiais Elétricos e Ferramentas,LÂMPADA CHUPETA ROSCA E - 12 7W x 127V CLARA,DIVERSOS,50 un.,"2,70"
SC-0029,Materiais Elétricos PAMPULHA,Materiais Elétricos e Ferramentas,"LÂMPADA CHUPETA ROSCA E - 14 7W x 127V ( AM, AZ, CLARA, VD, VM )",DIVERSOS,50 un.,"2,30"
5002,Materiais Elétricos PAMPULHA,Materiais Elétricos e Ferramentas,LÂMPADA DICROICA HALÓGENA 50W x 127V GU10,KIAN,10 un.,"11,50"
5773/3833,Materiais Elétricos PAMPULHA,Materiais Elétricos e Ferramentas,LÂMPADA ESPIRAL COMPACTA 14W x 127V AMARELA / VERMELHA,TASCHIBRA,10 un.,"19,80"
6457/1676,Materiais Elétricos PAMPULHA,Materiais Elétricos e Ferramentas,LÂMPADA FREEZER / MICRO-ONDAS ROSCA E-14 15W x 127V OU 15W 220V,KIAN,50 un.,"2,95"
0233/6177,Materiais Elétricos PAMPULHA,Materiais Elétricos e Ferramentas,LÂMPADA GELADEIRA / FOGÃO 40W x 127V ROSCA E-27 CLARA OU LEITOSA,BRASFORT,10 un.,"3,90"
SC-0030,Materiais Elétricos PAMPULHA,Materiais Elétricos e Ferramentas,LÂMPADA HALÓGENA ( PALITO ) 150W / 300W / 500W 127V ou 220V,DIVERSOS,10 un.,"7,40"
6139/6140,Materiais Elétricos PAMPULHA,Materiais Elétricos e Ferramentas,LÂMPADA HALÓGENA ROSCA E-27 100W x 127V / 100W x 220V,DIVERSOS,10 un.,"5,40"
5796/2531,Materiais Elétricos PAMPULHA,Materiais Elétricos e Ferramentas,LÂMPADA HALÓGENA ROSCA E-27 70W x 127V OU LÂMPADA GELADEIRA 40W x 220V,DIVERSOS,10 un.,"5,30"
1817,Materiais Elétricos PAMPULHA,Materiais Elétricos e Ferramentas,LÂMPADA INCANDESCENTE BAIXA VOLTAGEM ROSCA E-27 40W x 12V,BRASFORT,10 un.,"7,30"
7432,Materiais Elétricos PAMPULHA,Materiais Elétricos e Ferramentas,LÂMPADA LED 20W SUPERLED 6.500K LUZ FRIA 1.800 LUMENS,DIVERSOS,10 un.,"5,70"
7451,Materiais Elétricos PAMPULHA,Materiais Elétricos e Ferramentas,LÂMPADA LED 30W SUPERLED 6.500K LUZ FRIA 2.400 LUMENS,DIVERSOS,10 un.,"9,60"
6829,Materiais Elétricos PAMPULHA,Materiais Elétricos e Ferramentas,LÂMPADA LED 40W SUPERLED 6500K LUZ FRIA 4.000 LUMENS,DIVERSOS,10 un.,"12,30"
7901,Materiais Elétricos PAMPULHA,Materiais Elétricos e Ferramentas,LÂMPADA LED 50W SUPERLED 6.500K LUZ FRIA 4.000 LUMENS,DIVERSOS,1 un.,"16,50"
7458,Materiais Elétricos PAMPULHA,Materiais Elétricos e Ferramentas,LÂMPADA LED 65W SUPERLED 6.500K LUZ FRIA 5.850 LUMENS,DIVERSOS,1 un.,"48,30"
7904,Materiais Elétricos PAMPULHA,Materiais Elétricos e Ferramentas,LÂMPADA LED 80W SUPERLED 6.500K LUZ FRIA 6.400 LUMENS,DIVERSOS,1 un.,"63,20"
7071,Materiais Elétricos PAMPULHA,Materiais Elétricos e Ferramentas,LÂMPADA LED A-60 12W BIVOLT E-27 6500K LUZ FRIA1.080 LUMENS,DIVERSOS,10 un.,"4,40"
6381,Materiais Elétricos PAMPULHA,Materiais Elétricos e Ferramentas,LÂMPADA LED A-60 15W BIVOLT E-27 6500K LUZ FRIA 1.350 LUMENS,BLUMENAU,10 un.,"4,95"
7619,Materiais Elétricos PAMPULHA,Materiais Elétricos e Ferramentas,LÂMPADA LED A-60 4W RETRÔ BIVOLT 2.400K - VINTAGE,KIAN,1 un.,"13,30"
7979,Materiais Elétricos PAMPULHA,Materiais Elétricos e Ferramentas,LÂMPADA LED A-60 9W BIVOLT E-27 3000K LUZ QUENTE 803 LUMENS,DIVERSOS,10 un.,"2,80"
8106,Materiais Elétricos PAMPULHA,Materiais Elétricos e Ferramentas,LÂMPADA LED A-60 9W BIVOLT E-27 6500K LUZ FRIA 803 LUMENS AURELED,AURELED,10 un.,"2,70"
7934,Materiais Elétricos PAMPULHA,Materiais Elétricos e Ferramentas,LÂMPADA LED A-60 9W BIVOLT E-27 PRETA 882 LUMENS,KIAN,1 un.,"36,80"
7968,Materiais Elétricos PAMPULHA,Materiais Elétricos e Ferramentas,LÂMPADA LED A-60 9W BIVOLT ROSCA E-27 AMARELA - ANTI-INSETO,KIAN,1 un.,"10,70"
7973,Materiais Elétricos PAMPULHA,Materiais Elétricos e Ferramentas,LÂMPADA LED A-70 17W SUPERLED 6.500K LUZ FRIA 1.521 LUMENS,LEDVANCE,10 un.,"11,16"
7801,Materiais Elétricos PAMPULHA,Materiais Elétricos e Ferramentas,LÂMPADA LED BAIXA VOLTAGEM E-27 7W x 12V,KIAN,10 un.,"13,40"
SC-0031,Materiais Elétricos PAMPULHA,Materiais Elétricos e Ferramentas,LÂMPADA LED BOLINHA 1W BIVOLT AMARELA / AZUL / VERDE / VERMELHA,IMPORTADO,10 un.,"10,90"
6763,Materiais Elétricos PAMPULHA,Materiais Elétricos e Ferramentas,LÂMPADA LED BOLINHA 3W BIVOLT BRANCA,DIVERSOS,10 un.,"10,70"
7976/7975/7974,Materiais Elétricos PAMPULHA,Materiais Elétricos e Ferramentas,LÂMPADA LED DICR. 6.5W GU10 MR16 2.700K QUENTE/ 4.000K NEUTRA / 6.500K FRIA,KIAN,10 un.,"8,50"
7691,Materiais Elétricos PAMPULHA,Materiais Elétricos e Ferramentas,LÂMPADA LED FREEZER/MICRO-ONDAS ROSCA E-14 3W x 127V,FOXLUX,1 un.,"15,70"
7821,Materiais Elétricos PAMPULHA,Materiais Elétricos e Ferramentas,LÂMPADA LED HALOPIN G9 3W 2.500K LUZ QUENTE 127V,KIAN,1 un.,"18,30"
7782/7779,Materiais Elétricos PAMPULHA,Materiais Elétricos e Ferramentas,LÂMPADA LED HALOPIN G9 7W 3.000K LUZ QUENTE OU 6.500K LUZ FRIA,IMPORTADO,1 un.,"11,40"
7977/7978,Materiais Elétricos PAMPULHA,Materiais Elétricos e Ferramentas,"LÂMPADA LED MINI ""T"" 9W E-27 3.000K LUZ QUENTE / ""T"" 9W E-27 6.500K LUZ FRIA",KIAN,10 un.,"3,95"
5814/8165,Materiais Elétricos PAMPULHA,Materiais Elétricos e Ferramentas,LÂMPADA LED TUBO 18W/20W T-8 1.20MT 6.500K LUZ FRIA OU 3.000K LUZ QUENTE,DIVERSOS,25 un.,"8,70"
6210,Materiais Elétricos PAMPULHA,Materiais Elétricos e Ferramentas,LÂMPADA LED TUBO 9W/10W T-8 60CM 6.500K LUZ FRIA LUMENS 900,DIVERSOS,25 un.,"7,50"
7896,Materiais Elétricos PAMPULHA,Materiais Elétricos e Ferramentas,LÂMPADA LED VELA LEITOSA 4W E-14 C/ADAPTADOR E-27,KIAN,1 un.,"20,80"
1638/2306,Materiais Elétricos PAMPULHA,Materiais Elétricos e Ferramentas,LÂMPADA MÁQUINA DE COSTURA 15W x 127V ( ENCAIXE ) OU (ROSCA) E-14 15W x 127V,BRASFORT,50 un.,"4,60"
5274/5280,Materiais Elétricos PAMPULHA,Materiais Elétricos e Ferramentas,LÂMPADA PAR 20 30LEDS 2.2W x 220V OU PAR 38 90LEDS 5Wx220V BRANCA,DIVERSOS,1 un.,"9,90"
4435/3624,Materiais Elétricos PAMPULHA,Materiais Elétricos e Ferramentas,LÂMPADA PAR 20 50W x 220V VERDE OU PAR 38 100Wx127V VERMELHA,DIVERSOS,1 un.,"9,90"
5858,Materiais Elétricos PAMPULHA,Materiais Elétricos e Ferramentas,LÂMPADA PAR 20 LED 7W ROSCA E-27 BIVOLT BRANCA,KIAN,10 un.,"14,90"
7897,Materiais Elétricos PAMPULHA,Materiais Elétricos e Ferramentas,LÂMPADA REFLETORA 50W x 127V E-27 CLARA,KIAN,10 un.,"6,80"
3875/3454,Materiais Elétricos PAMPULHA,Materiais Elétricos e Ferramentas,LÂMPADA VELA LISA E-14 OU E-27 40W x 127V CLARA OU LEITOSA,DIVERSOS,10 un.,"4,20"
7516,Materiais Elétricos PAMPULHA,Materiais Elétricos e Ferramentas,MACHADINHA C/CABO DE FIBRA 600G,BRASFORT,1 un.,"77,10"
7118,Materiais Elétricos PAMPULHA,Materiais Elétricos e Ferramentas,MARTELO C/CABO DE FIBRA 27MM POLIDO,FERTAK,1 un.,"29,30"
4201,Materiais Elétricos PAMPULHA,Materiais Elétricos e Ferramentas,MARTELO C/CABO DE MADEIRA 27MM POLIDO,FERTAK,1 un.,"28,70"
7849,Materiais Elétricos PAMPULHA,Materiais Elétricos e Ferramentas,MARTELO DE BORRACHA BRANCA C/CABO DE MADEIRA 60MM,FERTAK,1 un.,"24,50"
4965,Materiais Elétricos PAMPULHA,Materiais Elétricos e Ferramentas,MARTELO DE BORRACHA PRETA C/CABO DE MADEIRA 60MM,DIVERSOS,1 un.,"17,95"
2508,Materiais Elétricos PAMPULHA,Materiais Elétricos e Ferramentas,MULTÍMETRO DIGITAL,IMPORTADO,10 un.,"27,80"
3571/5626,Materiais Elétricos PAMPULHA,Materiais Elétricos e Ferramentas,ORGANIZADOR DE FIOS FINO 10MM C/01METRO BRANCO / PRETO,OVERTIME,1 un.,"3,30"
3572/3839,Materiais Elétricos PAMPULHA,Materiais Elétricos e Ferramentas,ORGANIZADOR DE FIOS FINO C/25METROS BRANCO / PRETO,OVERTIME,1 un.,"61,40"
6338/6339,Materiais Elétricos PAMPULHA,Materiais Elétricos e Ferramentas,ORGANIZADOR DE FIOS GROSSO 16MM C/01METRO BRANCO / PRETO,OVERTIME,1 un.,"4,60"
6340/6869,Materiais Elétricos PAMPULHA,Materiais Elétricos e Ferramentas,ORGANIZADOR DE FIOS GROSSO C/25METROS BRANCO / PRETO,OVERTIME,1 un.,"89,80"
7111,Materiais Elétricos PAMPULHA,Materiais Elétricos e Ferramentas,PAINEL LED QUADRADO EMBUTIR 12W 6.500K LUZ FRIA 1.200 LM,DIVERSOS,1 un.,"13,80"
7390/7744,Materiais Elétricos PAMPULHA,Materiais Elétricos e Ferramentas,PAINEL LED QUADRADO EMBUTIR 18W 6.500K LUZ FRIA / 18W 3000K LUZ QUENTE 1.332 LM,DIVERSOS,1 un.,"15,50"
8166,Materiais Elétricos PAMPULHA,Materiais Elétricos e Ferramentas,PAINEL LED QUADRADO EMBUTIR 24W 3.000K LUZ QUENTE 1.800 LM,DIVERSOS,1 un.,"21,80"
7391,Materiais Elétricos PAMPULHA,Materiais Elétricos e Ferramentas,PAINEL LED QUADRADO EMBUTIR 24W 6.500K LUZ FRIA 1.776 LM,DIVERSOS,1 un.,"19,90"
7392,Materiais Elétricos PAMPULHA,Materiais Elétricos e Ferramentas,PAINEL LED QUADRADO EMBUTIR 36W 6.500K LUZ FRIA 3.420 LM,DIVERSOS,1 un.,"76,80"
7532,Materiais Elétricos PAMPULHA,Materiais Elétricos e Ferramentas,"PENDENTE ALÚMINIO BRANCO C/COBRE 16""",UTRON,1 un.,"170,90"
6355/6356,Materiais Elétricos PAMPULHA,Materiais Elétricos e Ferramentas,PENDENTE COMPLETO P/LUSTRE 1MT ROSCA E-27 BRANCO / PRETO,MARCAI,1 un.,"16,50"
7528,Materiais Elétricos PAMPULHA,Materiais Elétricos e Ferramentas,PENDENTE TRIO PRETO C/COBRE C/03 BOCAL ROSCA E-27,UTRON,1 un.,"155,90"
7314,Materiais Elétricos PAMPULHA,Materiais Elétricos e Ferramentas,PIAL POP INT 1 SEÇÃO + TOMADA 10A C/PLACA LGX103,PIAL,10 un.,"14,80"
7289,Materiais Elétricos PAMPULHA,Materiais Elétricos e Ferramentas,PIAL POP INT 1 SEÇÃO SIMPLES C/PLACA HORIZONTAL LGX010,PIAL,10 un.,"6,20"
7574,Materiais Elétricos PAMPULHA,Materiais Elétricos e Ferramentas,PIAL POP INT 1 SEÇÃO TRIWE C/PLACA HORIZONTAL LGX020,PIAL,10 un.,"9,50"
7321,Materiais Elétricos PAMPULHA,Materiais Elétricos e Ferramentas,PIAL POP MÓDULO CAMPAINHA 127V LG0701C,PIAL,5 un.,"29,90"
7278,Materiais Elétricos PAMPULHA,Materiais Elétricos e Ferramentas,PIAL POP MÓDULO INT 1 SEÇÃO SIMPLES LG010,PIAL,10 un.,"5,15"
7279,Materiais Elétricos PAMPULHA,Materiais Elétricos e Ferramentas,PIAL POP MÓDULO INT 1 SEÇÃO TRIWE LG020,PIAL,10 un.,"6,20"
7298,Materiais Elétricos PAMPULHA,Materiais Elétricos e Ferramentas,PIAL POP MÓDULO INT BIPOLAR 10A LG010B,PIAL,10 un.,"14,90"
7331,Materiais Elétricos PAMPULHA,Materiais Elétricos e Ferramentas,PIAL POP MÓDULO INT CAMPAINHA 2A LG040,PIAL,10 un.,"5,30"
7280,Materiais Elétricos PAMPULHA,Materiais Elétricos e Ferramentas,PIAL POP MÓDULO INT INTERMEDIÁRIO LG020I,PIAL,5 un.,"22,80"
7575,Materiais Elétricos PAMPULHA,Materiais Elétricos e Ferramentas,PIAL POP MÓDULO MÓDULO CEGO LG000,PIAL,10 un.,"3,90"
7281,Materiais Elétricos PAMPULHA,Materiais Elétricos e Ferramentas,PIAL POP MÓDULO SAÍDA DE ANTENA LG060,PIAL,5 un.,"13,40"
7285,Materiais Elétricos PAMPULHA,Materiais Elétricos e Ferramentas,PIAL POP MÓDULO SAÍDA DE FIO LG20F,PIAL,10 un.,"3,40"
7282,Materiais Elétricos PAMPULHA,Materiais Elétricos e Ferramentas,PIAL POP MÓDULO TOMADA 3P 10A LG030,PIAL,10 un.,"6,40"
7283,Materiais Elétricos PAMPULHA,Materiais Elétricos e Ferramentas,PIAL POP MÓDULO TOMADA 3P 20A LG03020,PIAL,10 un.,"7,20"
7618,Materiais Elétricos PAMPULHA,Materiais Elétricos e Ferramentas,PIAL POP MÓDULO TOMADA 3P 20A LG03020VM VERMELHO,PIAL,1 un.,"10,50"
SC-0048,Materiais Elétricos PAMPULHA,Materiais Elétricos e Ferramentas,PIAL POP PLACA 2 X 4 (DIVERSOS MODELOS),PIAL,10 un.,"3,70"
SC-0049,Materiais Elétricos PAMPULHA,Materiais Elétricos e Ferramentas,PIAL POP PLACA 4 X 4 (DIVERSOS MODELOS),PIAL,10 un.,"7,90"
7277,Materiais Elétricos PAMPULHA,Materiais Elétricos e Ferramentas,PIAL POP TOMADA 3P 10A C/PLACA HORIZONTAL LGX030,PIAL,10 un.,"8,40"
7319,Materiais Elétricos PAMPULHA,Materiais Elétricos e Ferramentas,PIAL POP TOMADA 3P 20A C/PLACA HORIZONTAL LGX03020,PIAL,10 un.,"10,30"
5406,Materiais Elétricos PAMPULHA,Materiais Elétricos e Ferramentas,PINO 3SAIDAS UNIVERSAL BRANCO,IMPORTADO,1 un.,"2,99"
5202,Materiais Elétricos PAMPULHA,Materiais Elétricos e Ferramentas,PINO ADAPT MULTIPLO P/TOMADA UNIVERSAL (BOB),IMPORTADO,1 un.,"2,00"
7369,Materiais Elétricos PAMPULHA,Materiais Elétricos e Ferramentas,PINO ADAPTADOR 2P + T UNIVERSAL BRANCO,PERLEX,10 un.,"5,40"
7370,Materiais Elétricos PAMPULHA,Materiais Elétricos e Ferramentas,PINO ADAPTADOR 2P BRANCO,PERLEX,10 un.,"3,95"
7080,Materiais Elétricos PAMPULHA,Materiais Elétricos e Ferramentas,PINO ADAPTADOR 2P BRANCO C/SAÍDA BORRACHA,DIVERSOS,1 un.,"3,50"
4537/4538,Materiais Elétricos PAMPULHA,Materiais Elétricos e Ferramentas,PINO ADAPTADOR ANTIGO 2P P/NOVO 3P 10A / 20A BRANCO,PERLEX,10 un.,"3,95"
7552,Materiais Elétricos PAMPULHA,Materiais Elétricos e Ferramentas,PINO ADAPTADOR NOVO 3P 20A P/NOVO 3P 10A BRANCO,PERLEX,10 un.,"6,40"
4539/4540,Materiais Elétricos PAMPULHA,Materiais Elétricos e Ferramentas,PINO ADAPTADOR NOVO 3P P/ANTIGO 2P 10A / 20A BRANCO,PERLEX,10 un.,"3,95"
7585,Materiais Elétricos PAMPULHA,Materiais Elétricos e Ferramentas,PINO ADAPTADOR REVERSO 20A P/10A BRANCO,DIVERSOS,1 un.,"3,90"
6168,Materiais Elétricos PAMPULHA,Materiais Elétricos e Ferramentas,PINO CRUZETA 4 SAÍDAS NOVO PADRÃO 10A BRANCO,DIVERSOS,1 un.,"4,20"
2114,Materiais Elétricos PAMPULHA,Materiais Elétricos e Ferramentas,PINO DE ENGATE RÁPIDO P/CABO DE SOLDA 10/25MM,DIVERSOS,1 un.,"18,90"
7269,Materiais Elétricos PAMPULHA,Materiais Elétricos e Ferramentas,PINO FÊMEA 2P+T 10A NOVO PADRÃO PRETO,F. C.,10 un.,"5,20"
7270,Materiais Elétricos PAMPULHA,Materiais Elétricos e Ferramentas,PINO FÊMEA 2P+T 20A NOVO PADRÃO PRETO,F. C.,10 un.,"5,70"
2124,Materiais Elétricos PAMPULHA,Materiais Elétricos e Ferramentas,PINO FÊMEA PRETO 2P 10A,PERLEX,25 un.,"3,90"
3865,Materiais Elétricos PAMPULHA,Materiais Elétricos e Ferramentas,PINO GUIA P/PUXAR FIO 15MTS DE NYLON S/AÇO,DIVERSOS,1 un.,"11,80"
3866,Materiais Elétricos PAMPULHA,Materiais Elétricos e Ferramentas,PINO GUIA P/PUXAR FIO 20MTS DE NYLON S/AÇO,DIVERSOS,1 un.,"14,90"
6290,Materiais Elétricos PAMPULHA,Materiais Elétricos e Ferramentas,PINO MACHO 2 PÓLOS 10A PRETO,F. C.,10 un.,"1,90"
7267,Materiais Elétricos PAMPULHA,Materiais Elétricos e Ferramentas,PINO MACHO 2P+T 10A NOVO PADRÃO PRETO,F. C.,10 un.,"4,60"
7268,Materiais Elétricos PAMPULHA,Materiais Elétricos e Ferramentas,PINO MACHO 2P+T 20A NOVO PADRÃO PRETO,F. C.,10 un.,"4,80"
4505,Materiais Elétricos PAMPULHA,Materiais Elétricos e Ferramentas,PINO MACHO 3 PÓLOS 10A 90º PRETO,PERLEX,25 un.,"4,80"
4506,Materiais Elétricos PAMPULHA,Materiais Elétricos e Ferramentas,PINO MACHO 3 PÓLOS 20A 90º PRETO,PERLEX,25 un.,"5,95"
2123,Materiais Elétricos PAMPULHA,Materiais Elétricos e Ferramentas,PINO MACHO PRETO 2P 10A,PERLEX,25 un.,"3,50"
7368,Materiais Elétricos PAMPULHA,Materiais Elétricos e Ferramentas,PINO MULTIPLICADOR 3 SAÍDAS 10A PRETO,PERLEX,10 un.,"6,40"
7081,Materiais Elétricos PAMPULHA,Materiais Elétricos e Ferramentas,PINO T 3 SAIDAS NOVO PADRAO 10A BRANCO C/SAÍDA BORRACHA,DIVERSOS,1 un.,"4,95"
4508,Materiais Elétricos PAMPULHA,Materiais Elétricos e Ferramentas,"PINO ""T"" 3 SAÍDAS NOVO PADRÃO 10A BRANCO",PERLEX,10 un.,"6,50"
4507,Materiais Elétricos PAMPULHA,Materiais Elétricos e Ferramentas,"PINO ""T"" 3 SAÍDAS NOVO PADRÃO 20A BRANCO",PERLEX,10 un.,"7,90"
7780,Materiais Elétricos PAMPULHA,Materiais Elétricos e Ferramentas,PISTOLA DE SILICONE CHAPA TIPO ESQUELETO,FERTAK,1 un.,"13,90"
7104/7106,Materiais Elétricos PAMPULHA,Materiais Elétricos e Ferramentas,PLAFON LED RED. SOBREPOR 18W 6500K LUZ FRIA / 18W 3000K LUZ QUENTE 1.332LM,DIVERSOS,1 un.,"18,90"
7107,Materiais Elétricos PAMPULHA,Materiais Elétricos e Ferramentas,PLAFON LED RED. SOBREPOR 24W 6500K LUZ FRIA 1.776LM,DIVERSOS,1 un.,"24,80"
7105/7440,Materiais Elétricos PAMPULHA,Materiais Elétricos e Ferramentas,PLAFON LED REDONDO EMBUTIR 18W 6500K LUZ FRIA / 18W 3000K LUZ QUENTE 1.332 LM,DIVERSOS,1 un.,"15,50"
7109,Materiais Elétricos PAMPULHA,Materiais Elétricos e Ferramentas,PLAFON LED REDONDO EMBUTIR 24W 6500K LUZ FRIA 1.776 LM,DIVERSOS,1 un.,"19,90"
8025,Materiais Elétricos PAMPULHA,Materiais Elétricos e Ferramentas,PLAFON LED SOBREPOR QUADRADO 12W BIVOLT 6.500K 900LM,DIVERSOS,1 un.,"14,90"
7101,Materiais Elétricos PAMPULHA,Materiais Elétricos e Ferramentas,PLAFON LED SOBREPOR QUADRADO 18W 6.500K LUZ FRIA 1.332 LM,DIVERSOS,1 un.,"18,90"
7102,Materiais Elétricos PAMPULHA,Materiais Elétricos e Ferramentas,PLAFON LED SOBREPOR QUADRADO 24W 6.500K LUZ FRIA 1.776 LM,DIVERSOS,1 un.,"24,80"
7103,Materiais Elétricos PAMPULHA,Materiais Elétricos e Ferramentas,PLAFON LED SOBREPOR QUADRADO 36W 6.500K LUZ FRIA 3.420 LM,DIVERSOS,1 un.,"79,80"
7723,Materiais Elétricos PAMPULHA,Materiais Elétricos e Ferramentas,PLAFON PVC BRANCO C/SOQUETE DE LOUÇA E-27,TAF,50 un.,"3,80"
6923,Materiais Elétricos PAMPULHA,Materiais Elétricos e Ferramentas,PLAFONIER PVC BRANCO C/SOQUETE DE LOUÇA E-27,PLASTIFACIL,10 un.,"4,20"
6379,Materiais Elétricos PAMPULHA,Materiais Elétricos e Ferramentas,PLUG P2 STEREO C/MOLA METAL,DIVERSOS,1 un.,"2,70"
7438,Materiais Elétricos PAMPULHA,Materiais Elétricos e Ferramentas,"PONTEIRO C/PROTETOR DE BORRACHA 12""",FERTAK,1 un.,"18,50"
7437,Materiais Elétricos PAMPULHA,Materiais Elétricos e Ferramentas,"PONTEIRO OITAVADO S/PROTETOR 10""",FERTAK,1 un.,"11,50"
7436,Materiais Elétricos PAMPULHA,Materiais Elétricos e Ferramentas,"PONTEIRO OITAVADO S/PROTETOR 12""",FERTAK,1 un.,"12,90"
6936,Materiais Elétricos PAMPULHA,Materiais Elétricos e Ferramentas,PORTA ELETRODO 500A TIPO CANETA,FERTAK,1 un.,"37,60"
171,Materiais Elétricos PAMPULHA,Materiais Elétricos e Ferramentas,PREGO DE AÇO C/CABEÇA 18 x 27 ( C/100UNDS ),DIVERSOS,1 un.,"14,80"
169,Materiais Elétricos PAMPULHA,Materiais Elétricos e Ferramentas,PREGO DE AÇO C/CABEÇA 18 x 30 ( C/100UNDS ),DIVERSOS,1 un.,"18,20"
170,Materiais Elétricos PAMPULHA,Materiais Elétricos e Ferramentas,PREGO DE AÇO S/CABEÇA 18 x 27 ( C/100UNDS ),DIVERSOS,1 un.,"14,80"
7928,Materiais Elétricos PAMPULHA,Materiais Elétricos e Ferramentas,PROLONGADOR P/CAIXA DE LUZ 4x2 PVC AMARELO,PLASTIBRAS,1 un.,"1,20"
7929,Materiais Elétricos PAMPULHA,Materiais Elétricos e Ferramentas,PROLONGADOR P/CAIXA DE LUZ 4x4 PVC AMARELO,PLASTIBRAS,1 un.,"2,10"
7374,Materiais Elétricos PAMPULHA,Materiais Elétricos e Ferramentas,PROTETOR RAIO ELETRÔNICO P/ELETRODOMÉSTICO 127V,PW,1 un.,"24,80"
7375,Materiais Elétricos PAMPULHA,Materiais Elétricos e Ferramentas,PROTETOR RAIO ELETRÔNICO P/ELETRODOMÉSTICO 220V,PW,1 un.,"26,90"
7832,Materiais Elétricos PAMPULHA,Materiais Elétricos e Ferramentas,QUADRO DE COMANDO SOBREPOR METAL 30 x 20 x 20,BRUM,1 un.,"149,00"
7833,Materiais Elétricos PAMPULHA,Materiais Elétricos e Ferramentas,QUADRO DE COMANDO SOBREPOR METAL 40 x 30 x 20,BRUM,1 un.,"198,00"
7834,Materiais Elétricos PAMPULHA,Materiais Elétricos e Ferramentas,QUADRO DE COMANDO SOBREPOR METAL 50 x 40 x 20,BRUM,1 un.,"285,00"
7835,Materiais Elétricos PAMPULHA,Materiais Elétricos e Ferramentas,QUADRO DE COMANDO SOBREPOR METAL 60 x 50 x 20,BRUM,1 un.,"419,00"
7836,Materiais Elétricos PAMPULHA,Materiais Elétricos e Ferramentas,QUADRO DE COMANDO SOBREPOR METAL 80 x 60 x 20,BRUM,1 un.,"569,00"
7914,Materiais Elétricos PAMPULHA,Materiais Elétricos e Ferramentas,QUADRO DISTRIBUIÇÃO EMBUTIR 04 DIN BRANCO S/BARRAMENTO,TIGRE,1 un.,"46,80"
7915,Materiais Elétricos PAMPULHA,Materiais Elétricos e Ferramentas,QUADRO DISTRIBUIÇÃO EMBUTIR 08 DIN BRANCO S/BARRAMENTO,TIGRE,1 un.,"63,20"
7916,Materiais Elétricos PAMPULHA,Materiais Elétricos e Ferramentas,QUADRO DISTRIBUIÇÃO EMBUTIR 12 DIN BRANCO S/BARRAMENTO,TIGRE,1 un.,"76,80"
7917,Materiais Elétricos PAMPULHA,Materiais Elétricos e Ferramentas,QUADRO DISTRIBUIÇÃO EMBUTIR 18 DIN BRANCO S/BARRAMENTO,TIGRE,1 un.,"119,00"
7918,Materiais Elétricos PAMPULHA,Materiais Elétricos e Ferramentas,QUADRO DISTRIBUIÇÃO EMBUTIR 24 DIN BRANCO S/BARRAMENTO,TIGRE,1 un.,"149,00"
7920,Materiais Elétricos PAMPULHA,Materiais Elétricos e Ferramentas,QUADRO DISTRIBUIÇÃO EMBUTIR 36 DIN BRANCO S/BARRAMENTO,TIGRE,1 un.,"219,00"
8056,Materiais Elétricos PAMPULHA,Materiais Elétricos e Ferramentas,QUADRO DISTRIBUIÇÃO EMBUTIR PVC 04 DIN OPACA,PLASTIMAX,1 un.,"23,90"
8057,Materiais Elétricos PAMPULHA,Materiais Elétricos e Ferramentas,QUADRO DISTRIBUIÇÃO EMBUTIR PVC 08 DIN OPACA,PLASTIMAX,1 un.,"32,90"
8058,Materiais Elétricos PAMPULHA,Materiais Elétricos e Ferramentas,QUADRO DISTRIBUIÇÃO EMBUTIR PVC 12 DIN OPACA,PLASTIMAX,1 un.,"42,90"
8059,Materiais Elétricos PAMPULHA,Materiais Elétricos e Ferramentas,QUADRO DISTRIBUIÇÃO EMBUTIR PVC 18 DIN OPACA,PLASTIMAX,1 un.,"63,20"
8060,Materiais Elétricos PAMPULHA,Materiais Elétricos e Ferramentas,QUADRO DISTRIBUIÇÃO EMBUTIR PVC 24 DIN OPACA,PLASTIMAX,1 un.,"83,90"
8061,Materiais Elétricos PAMPULHA,Materiais Elétricos e Ferramentas,QUADRO DISTRIBUIÇÃO EMBUTIR PVC 36 DIN OPACA,PLASTIMAX,1 un.,"119,80"
8052,Materiais Elétricos PAMPULHA,Materiais Elétricos e Ferramentas,QUADRO DISTRIBUIÇÃO SOBREPOR PVC 04 DIN OPACA,PLASTIMAX,1 un.,"24,80"
8053,Materiais Elétricos PAMPULHA,Materiais Elétricos e Ferramentas,QUADRO DISTRIBUIÇÃO SOBREPOR PVC 08 DIN OPACA,PLASTIMAX,1 un.,"33,80"
8054,Materiais Elétricos PAMPULHA,Materiais Elétricos e Ferramentas,QUADRO DISTRIBUIÇÃO SOBREPOR PVC 12 DIN OPACA,PLASTIMAX,1 un.,"44,90"
8055,Materiais Elétricos PAMPULHA,Materiais Elétricos e Ferramentas,QUADRO DISTRIBUIÇÃO SOBREPOR PVC 18 DIN OPACA,PLASTIMAX,1 un.,"65,80"
7446,Materiais Elétricos PAMPULHA,Materiais Elétricos e Ferramentas,RECEPTÁCULO COMUM FIXO TETO/PAREDE C/RABICHO PRETO E-27,DIVERSOS,12 un.,"2,20"
6926,Materiais Elétricos PAMPULHA,Materiais Elétricos e Ferramentas,RECEPTÁCULO COMUM FIXO TETO/PAREDE PRETO E-27,DIVERSOS,12 un.,"1,90"
7923,Materiais Elétricos PAMPULHA,Materiais Elétricos e Ferramentas,RECEPTÁCULO DE ENCAIXE P/LÂMPADA HALOPIN G9,IMPORTADO,1 un.,"4,90"
3607,Materiais Elétricos PAMPULHA,Materiais Elétricos e Ferramentas,RECEPTÁCULO DE LOUÇA FIXO TETO/PAREDE E-27 C/SUPORTE,DIVERSOS,20 un.,"3,80"
6976,Materiais Elétricos PAMPULHA,Materiais Elétricos e Ferramentas,RECEPTÁCULO DE LOUÇA FIXO TETO/PAREDE E-40 C/SUPORTE,DIVERSOS,1 un.,"14,50"
3608,Materiais Elétricos PAMPULHA,Materiais Elétricos e Ferramentas,RECEPTÁCULO DE LOUÇA SUSPENSO E-27,DIVERSOS,20 un.,"3,40"
3609,Materiais Elétricos PAMPULHA,Materiais Elétricos e Ferramentas,RECEPTÁCULO DE LOUÇA SUSPENSO E-40,DIVERSOS,1 un.,"12,90"
6927,Materiais Elétricos PAMPULHA,Materiais Elétricos e Ferramentas,RECEPTÁCULO DE PLÁSTICO C/CHAVE CORRENTE E-27,DIVERSOS,1 un.,"16,80"
6928,Materiais Elétricos PAMPULHA,Materiais Elétricos e Ferramentas,RECEPTÁCULO DE PORCELANA C/CHAVE CORRENTE E-27,DIVERSOS,1 un.,"21,50"
6924,Materiais Elétricos PAMPULHA,Materiais Elétricos e Ferramentas,RECEPTÁCULO P/LÂMPADA FLUORESCENTE TUBOLAR G-13,DIVERSOS,24 un.,"1,90"
6925,Materiais Elétricos PAMPULHA,Materiais Elétricos e Ferramentas,RECEPTÁCULO P/LÂMPADA FLUORESCENTE TUBOLAR G-13 ROTATIVO,DIVERSOS,24 un.,"2,30"
6743,Materiais Elétricos PAMPULHA,Materiais Elétricos e Ferramentas,REFLETOR LED 100W BIVOLT 6.500K LUZ FRIA SLIM,DIVERSOS,1 un.,"39,80"
6742,Materiais Elétricos PAMPULHA,Materiais Elétricos e Ferramentas,REFLETOR LED 50W BIVOLT 6.500K LUZ FRIA SLIM,DIVERSOS,1 un.,"26,90"
7829,Materiais Elétricos PAMPULHA,Materiais Elétricos e Ferramentas,REGULADOR DE TENSÃO MONOFÁSICO 1.000VA 127V,FIOLUX,1 un.,"198,00"
7830,Materiais Elétricos PAMPULHA,Materiais Elétricos e Ferramentas,REGULADOR DE TENSÃO MONOFÁSICO 1.500VA 127V,FIOLUX,1 un.,"239,00"
7831,Materiais Elétricos PAMPULHA,Materiais Elétricos e Ferramentas,REGULADOR DE TENSÃO MONOFÁSICO 2.000VA 127V,FIOLUX,1 un.,"299,00"
3692,Materiais Elétricos PAMPULHA,Materiais Elétricos e Ferramentas,RELÉ FOTOELÉTRICO ELETRÔNICO BIVOLT C/BASE,EXATRON,1 un.,"28,70"
3691,Materiais Elétricos PAMPULHA,Materiais Elétricos e Ferramentas,RELÉ FOTOELÉTRICO ELETRÔNICO BIVOLT S/BASE,EXATRON,1 un.,"19,80"
3693,Materiais Elétricos PAMPULHA,Materiais Elétricos e Ferramentas,RELÉ FOTOELÉTRICO MAGNÉTICO BIVOLT S/BASE,EXATRON,1 un.,"22,50"
7441,Materiais Elétricos PAMPULHA,Materiais Elétricos e Ferramentas,RESISTÊNCIA DUCHA BELLA DUCHA / FASHION 127V 5.500W,LORENZETTI,1 un.,"15,80"
7442,Materiais Elétricos PAMPULHA,Materiais Elétricos e Ferramentas,RESISTÊNCIA DUCHA BELLA DUCHA / FASHION 220V 6.800W,LORENZETTI,1 un.,"15,80"
6988,Materiais Elétricos PAMPULHA,Materiais Elétricos e Ferramentas,RESISTÊNCIA DUCHA DUCHA ADVANCED / TOP JET 127V 5.500W,LORENZETTI,1 un.,"21,50"
6989,Materiais Elétricos PAMPULHA,Materiais Elétricos e Ferramentas,RESISTÊNCIA DUCHA DUCHA ADVANCED / TOP JET 220V 7.500W,LORENZETTI,1 un.,"21,50"
6984,Materiais Elétricos PAMPULHA,Materiais Elétricos e Ferramentas,RESISTÊNCIA DUCHA LOREN SHOWER 127V 5.500W,LORENZETTI,1 un.,"18,90"
6985,Materiais Elétricos PAMPULHA,Materiais Elétricos e Ferramentas,RESISTÊNCIA DUCHA LOREN SHOWER 220V 7.500W,LORENZETTI,1 un.,"18,90"
6986,Materiais Elétricos PAMPULHA,Materiais Elétricos e Ferramentas,RESISTÊNCIA DUCHA MAXI DUCHA / BELLO BANHO 127V 5.500W,LORENZETTI,1 un.,"12,90"
6987,Materiais Elétricos PAMPULHA,Materiais Elétricos e Ferramentas,RESISTÊNCIA DUCHA MAXI DUCHA / BELLO BANHO 220V 5.500W,LORENZETTI,1 un.,"12,90"
8018,Materiais Elétricos PAMPULHA,Materiais Elétricos e Ferramentas,ROLO DE LÃ S/RESPINGO 23CM C/CABO,ATLAS,1 un.,"22,80"
8019,Materiais Elétricos PAMPULHA,Materiais Elétricos e Ferramentas,ROLO DE LÃ S/RESPINGO 23CM S/CABO (REFIL),ATLAS,1 un.,"15,90"
8020,Materiais Elétricos PAMPULHA,Materiais Elétricos e Ferramentas,ROLO DE LÃ S/RESPINGO 9CM C/CABO,ATLAS,1 un.,"11,80"
8021,Materiais Elétricos PAMPULHA,Materiais Elétricos e Ferramentas,ROLO DE LÃ S/RESPINGO 9CM S/CABO (REFIL),ATLAS,1 un.,"7,20"
7925,Materiais Elétricos PAMPULHA,Materiais Elétricos e Ferramentas,ROTEADOR WIRELESS 300MBPS 02 ANTENAS TL-WR840N,TP-LINK,1 un.,"129,00"
7926,Materiais Elétricos PAMPULHA,Materiais Elétricos e Ferramentas,ROTEADOR WIRELESS 300MBPS 03 ANTENAS TL-WR845N,TP-LINK,1 un.,"159,00"
7927,Materiais Elétricos PAMPULHA,Materiais Elétricos e Ferramentas,ROTEADOR WIRELESS DUAL BAND AC1200 04 ANTENAS ARCHER C54,TP-LINK,1 un.,"219,00"
7733,Materiais Elétricos PAMPULHA,Materiais Elétricos e Ferramentas,SENSOR DE PRESENÇA ARTICULADO DE PAREDE/TETO BIVOLT,EXATRON,1 un.,"36,80"
7734,Materiais Elétricos PAMPULHA,Materiais Elétricos e Ferramentas,SENSOR DE PRESENÇA DE EMBUTIR 4x2 BIVOLT,EXATRON,1 un.,"41,90"
7735,Materiais Elétricos PAMPULHA,Materiais Elétricos e Ferramentas,SENSOR DE PRESENÇA DE SOBREPOR TETO 360º BIVOLT,EXATRON,1 un.,"37,90"
7736,Materiais Elétricos PAMPULHA,Materiais Elétricos e Ferramentas,SENSOR DE PRESENÇA P/SOQUETE E-27 BIVOLT,EXATRON,1 un.,"39,90"
7781,Materiais Elétricos PAMPULHA,Materiais Elétricos e Ferramentas,SILICONE ACÉTICO TRANSPARENTE 280G,TEKBOND,1 un.,"17,90"
7783,Materiais Elétricos PAMPULHA,Materiais Elétricos e Ferramentas,SILICONE PU 40 CINZA OU PRETO 400G,TEKBOND,1 un.,"23,90"
7855,Materiais Elétricos PAMPULHA,Materiais Elétricos e Ferramentas,SOQUETE DE BORRACHA C/RABICHO PRETO E-27,DIVERSOS,20 un.,"2,60"
7856,Materiais Elétricos PAMPULHA,Materiais Elétricos e Ferramentas,SOQUETE GU10 P/LÂMPADA DICRÓICA C/RABICHO,DIVERSOS,20 un.,"3,20"
7857,Materiais Elétricos PAMPULHA,Materiais Elétricos e Ferramentas,SPOT EMBUTIR DIRECIONÁVEL REDONDO P/DICRÓICA GU10 BRANCO,DIVERSOS,1 un.,"8,90"
7858,Materiais Elétricos PAMPULHA,Materiais Elétricos e Ferramentas,SPOT EMBUTIR DIRECIONÁVEL QUADRADO P/DICRÓICA GU10 BRANCO,DIVERSOS,1 un.,"9,50"
7859,Materiais Elétricos PAMPULHA,Materiais Elétricos e Ferramentas,SPOT SOBREPOR DIRECIONÁVEL 1 LÂMPADA E-27 BRANCO OU PRETO,DIVERSOS,1 un.,"18,90"
7860,Materiais Elétricos PAMPULHA,Materiais Elétricos e Ferramentas,SPOT SOBREPOR DIRECIONÁVEL 2 LÂMPADAS E-27 BRANCO OU PRETO,DIVERSOS,1 un.,"34,80"
7861,Materiais Elétricos PAMPULHA,Materiais Elétricos e Ferramentas,SPOT SOBREPOR DIRECIONÁVEL 3 LÂMPADAS E-27 BRANCO OU PRETO,DIVERSOS,1 un.,"49,90"
7930,Materiais Elétricos PAMPULHA,Materiais Elétricos e Ferramentas,"SUPORTE ARTICULADO P/TV 10"" A 55""",FERTAK,1 un.,"48,90"
7931,Materiais Elétricos PAMPULHA,Materiais Elétricos e Ferramentas,"SUPORTE FIXO P/TV 14"" A 84""",FERTAK,1 un.,"19,80"
7932,Materiais Elétricos PAMPULHA,Materiais Elétricos e Ferramentas,SUPORTE P/ROLO DE PINTURA 23CM,ATLAS,1 un.,"9,80"
7933,Materiais Elétricos PAMPULHA,Materiais Elétricos e Ferramentas,SUPORTE UNIVERSAL P/MICRO-ONDAS BRANCO,FERTAK,1 un.,"39,90"
7963,Materiais Elétricos PAMPULHA,Materiais Elétricos e Ferramentas,TAMPA CEGA 3x3 PVC REDONDA BRANCA,PLASTIBRAS,50 un.,"1,20"
7964,Materiais Elétricos PAMPULHA,Materiais Elétricos e Ferramentas,TAMPA CEGA 4x2 PVC RETANGULAR BRANCA,PLASTIBRAS,50 un.,"1,40"
7965,Materiais Elétricos PAMPULHA,Materiais Elétricos e Ferramentas,TAMPA CEGA 4x4 PVC QUADRADA BRANCA,PLASTIBRAS,25 un.,"2,30"
7966,Materiais Elétricos PAMPULHA,Materiais Elétricos e Ferramentas,"TERMINAL COMPRESSÃO ILHÓS TUBOLAR 0,75MM (PACOTE C/100UNDS)",DIVERSOS,1 un.,"6,90"
7967,Materiais Elétricos PAMPULHA,Materiais Elétricos e Ferramentas,"TERMINAL COMPRESSÃO ILHÓS TUBOLAR 1,00MM (PACOTE C/100UNDS)",DIVERSOS,1 un.,"7,20"
7969,Materiais Elétricos PAMPULHA,Materiais Elétricos e Ferramentas,"TERMINAL COMPRESSÃO ILHÓS TUBOLAR 1,50MM (PACOTE C/100UNDS)",DIVERSOS,1 un.,"7,50"
7970,Materiais Elétricos PAMPULHA,Materiais Elétricos e Ferramentas,"TERMINAL COMPRESSÃO ILHÓS TUBOLAR 2,50MM (PACOTE C/100UNDS)",DIVERSOS,1 un.,"8,20"
7971,Materiais Elétricos PAMPULHA,Materiais Elétricos e Ferramentas,"TERMINAL COMPRESSÃO ILHÓS TUBOLAR 4,00MM (PACOTE C/100UNDS)",DIVERSOS,1 un.,"10,50"
7972,Materiais Elétricos PAMPULHA,Materiais Elétricos e Ferramentas,"TERMINAL COMPRESSÃO ILHÓS TUBOLAR 6,00MM (PACOTE C/100UNDS)",DIVERSOS,1 un.,"13,90"
7980,Materiais Elétricos PAMPULHA,Materiais Elétricos e Ferramentas,"TERMINAL COMPRESSÃO ILHÓS TUBOLAR 10,00MM (PACOTE C/100UNDS)",DIVERSOS,1 un.,"19,80"
7981,Materiais Elétricos PAMPULHA,Materiais Elétricos e Ferramentas,"TERMINAL COMPRESSÃO ILHÓS TUBOLAR 16,00MM (PACOTE C/100UNDS)",DIVERSOS,1 un.,"29,90"
7982,Materiais Elétricos PAMPULHA,Materiais Elétricos e Ferramentas,"TERMINAL COMPRESSÃO OLHAL 10MM FURO 1/4"" (PACOTE C/50UNDS)",DIVERSOS,1 un.,"18,90"
7983,Materiais Elétricos PAMPULHA,Materiais Elétricos e Ferramentas,"TERMINAL COMPRESSÃO OLHAL 16MM FURO 1/4"" (PACOTE C/50UNDS)",DIVERSOS,1 un.,"24,80"
7984,Materiais Elétricos PAMPULHA,Materiais Elétricos e Ferramentas,"TERMINAL COMPRESSÃO OLHAL 25MM FURO 5/16"" (PACOTE C/50UNDS)",DIVERSOS,1 un.,"37,90"
7985,Materiais Elétricos PAMPULHA,Materiais Elétricos e Ferramentas,"TERMINAL COMPRESSÃO OLHAL 35MM FURO 3/8"" (PACOTE C/50UNDS)",DIVERSOS,1 un.,"49,50"
7986,Materiais Elétricos PAMPULHA,Materiais Elétricos e Ferramentas,"TERMINAL COMPRESSÃO OLHAL 50MM FURO 3/8"" (PACOTE C/25UNDS)",DIVERSOS,1 un.,"39,00"
7987,Materiais Elétricos PAMPULHA,Materiais Elétricos e Ferramentas,"TERMINAL COMPRESSÃO OLHAL 70MM FURO 3/8"" (PACOTE C/25UNDS)",DIVERSOS,1 un.,"56,80"
7988,Materiais Elétricos PAMPULHA,Materiais Elétricos e Ferramentas,"TESOURA DE PODA 8"" C/CABO EMBORRACHADO",FERTAK,1 un.,"27,90"
7989,Materiais Elétricos PAMPULHA,Materiais Elétricos e Ferramentas,TIMER ANALÓGICO BIVOLT BATERIA MANUAL,EXATRON,1 un.,"38,90"
7990,Materiais Elétricos PAMPULHA,Materiais Elétricos e Ferramentas,TIMER DIGITAL BIVOLT MULTIFUNÇÃO,EXATRON,1 un.,"64,80"
7991,Materiais Elétricos PAMPULHA,Materiais Elétricos e Ferramentas,TOMADA DE EMBUTIR 20A SOBREPOR COMPLETA,PERLEX,20 un.,"9,20"
7992,Materiais Elétricos PAMPULHA,Materiais Elétricos e Ferramentas,"TORQUÊS ARMADOR 10"" POLIDA",FERTAK,1 un.,"29,90"
7993,Materiais Elétricos PAMPULHA,Materiais Elétricos e Ferramentas,"TORQUÊS ARMADOR 12"" POLIDA",FERTAK,1 un.,"34,90"
7994,Materiais Elétricos PAMPULHA,Materiais Elétricos e Ferramentas,TORNEIRA ELÉTRICA LUMEN 127V 5.500W BRANCA,HYDRA,1 un.,"189,00"
7995,Materiais Elétricos PAMPULHA,Materiais Elétricos e Ferramentas,TORNEIRA ELÉTRICA LUMEN 220V 5.500W BRANCA,HYDRA,1 un.,"189,00"
7996,Materiais Elétricos PAMPULHA,Materiais Elétricos e Ferramentas,TORNEIRA ELÉTRICA VERSÁTIL 127V 5.500W BRANCA,LORENZETTI,1 un.,"179,00"
7997,Materiais Elétricos PAMPULHA,Materiais Elétricos e Ferramentas,TORNEIRA ELÉTRICA VERSÁTIL 220V 5.500W BRANCA,LORENZETTI,1 un.,"179,00"
7998,Materiais Elétricos PAMPULHA,Materiais Elétricos e Ferramentas,TRANSFORMADOR TRAFO 127V/220V 300VA,FIOLUX,1 un.,"79,00"
7999,Materiais Elétricos PAMPULHA,Materiais Elétricos e Ferramentas,TRANSFORMADOR TRAFO 127V/220V 500VA,FIOLUX,1 un.,"99,00"
8000,Materiais Elétricos PAMPULHA,Materiais Elétricos e Ferramentas,TRANSFORMADOR TRAFO 127V/220V 1000VA,FIOLUX,1 un.,"159,00"
8001,Materiais Elétricos PAMPULHA,Materiais Elétricos e Ferramentas,TRANSFORMADOR TRAFO 127V/220V 1500VA,FIOLUX,1 un.,"219,00"
8002,Materiais Elétricos PAMPULHA,Materiais Elétricos e Ferramentas,TRANSFORMADOR TRAFO 127V/220V 2000VA,FIOLUX,1 un.,"289,00"
8003,Materiais Elétricos PAMPULHA,Materiais Elétricos e Ferramentas,TRANSFORMADOR TRAFO 127V/220V 3000VA,FIOLUX,1 un.,"398,00"
8004,Materiais Elétricos PAMPULHA,Materiais Elétricos e Ferramentas,TRANSFORMADOR TRAFO 127V/220V 5000VA,FIOLUX,1 un.,"619,00"
8005,Materiais Elétricos PAMPULHA,Materiais Elétricos e Ferramentas,TRANSFORMADOR TRAFO 127V/220V 7000VA,FIOLUX,1 un.,"890,00"
8012,Materiais Elétricos PAMPULHA,Materiais Elétricos e Ferramentas,TRENA MÉTRICA EMBORRACHADA 3 METROS x 16MM,FERTAK,1 un.,"7,90"
8013,Materiais Elétricos PAMPULHA,Materiais Elétricos e Ferramentas,TRENA MÉTRICA EMBORRACHADA 5 METROS x 19MM,FERTAK,1 un.,"12,90"
8014,Materiais Elétricos PAMPULHA,Materiais Elétricos e Ferramentas,"TRENA MÉTRICA EMBORRACHADA 7,5 METROS x 25MM",FERTAK,1 un.,"21,50"
8015,Materiais Elétricos PAMPULHA,Materiais Elétricos e Ferramentas,TRENA MÉTRICA EMBORRACHADA 10 METROS x 25MM,FERTAK,1 un.,"28,70"
8016,Materiais Elétricos PAMPULHA,Materiais Elétricos e Ferramentas,TRILHO ELETRIFICADO 1 METRO BRANCO C/CONEXÃO,DIVERSOS,1 un.,"34,90"
8017,Materiais Elétricos PAMPULHA,Materiais Elétricos e Ferramentas,TRILHO ELETRIFICADO 1 METRO PRETO C/CONEXÃO,DIVERSOS,1 un.,"34,90"
8022,Materiais Elétricos PAMPULHA,Materiais Elétricos e Ferramentas,"TUBO ESPIRAL CORRUGADO CONDUITE 1/2"" (ROLO 50M)",TIGRE,1 un.,"79,00"
8023,Materiais Elétricos PAMPULHA,Materiais Elétricos e Ferramentas,"TUBO ESPIRAL CORRUGADO CONDUITE 3/4"" (ROLO 50M)",TIGRE,1 un.,"98,00"
8024,Materiais Elétricos PAMPULHA,Materiais Elétricos e Ferramentas,"TUBO ESPIRAL CORRUGADO CONDUITE 1"" (ROLO 25M)",TIGRE,1 un.,"84,00"
8026,Materiais Elétricos PAMPULHA,Materiais Elétricos e Ferramentas,VALVULA DE RETENÇÃO ESGOTO 100MM,TIGRE,1 un.,"68,90"
8027,Materiais Elétricos PAMPULHA,Materiais Elétricos e Ferramentas,VALVULA DE RETENÇÃO ESGOTO 150MM,TIGRE,1 un.,"119,00"
8028,Materiais Elétricos PAMPULHA,Materiais Elétricos e Ferramentas,VARA DE MANOBRA FIBRA DE VIDRO TELESCOPICA 6M,DIVERSOS,1 un.,"490,00"
8029,Materiais Elétricos PAMPULHA,Materiais Elétricos e Ferramentas,VENTILADOR DE MESA 30CM 127V 6 PÁS,VENTISILVA,1 un.,"189,00"
8030,Materiais Elétricos PAMPULHA,Materiais Elétricos e Ferramentas,VENTILADOR DE MESA 40CM 127V 6 PÁS,VENTISILVA,1 un.,"229,00"
8038,Materiais Elétricos PAMPULHA,Materiais Elétricos e Ferramentas,VENTILADOR DE TETO 3 PÁS BRANCO C/LUSTRE 127V,VENTISILVA,1 un.,"249,00"
8039,Materiais Elétricos PAMPULHA,Materiais Elétricos e Ferramentas,VENTILADOR DE TETO 3 PÁS BRANCO C/LUSTRE 220V,VENTISILVA,1 un.,"249,00"
8040,Materiais Elétricos PAMPULHA,Materiais Elétricos e Ferramentas,VENTILADOR DE COLUNA 50CM PRETO OSCILANTE BIVOLT,VENTISILVA,1 un.,"369,00"
8041,Materiais Elétricos PAMPULHA,Materiais Elétricos e Ferramentas,VENTILADOR DE PAREDE 50CM PRETO OSCILANTE BIVOLT,VENTISILVA,1 un.,"349,00"
8042,Materiais Elétricos PAMPULHA,Materiais Elétricos e Ferramentas,VENTILADOR DE PAREDE 65CM PRETO OSCILANTE BIVOLT,VENTISILVA,1 un.,"419,00"
8043,Materiais Elétricos PAMPULHA,Materiais Elétricos e Ferramentas,"VERGALHÃO DE FERRO 3/8"" BARRA 12M",GERDAU,1 un.,"48,50"
8044,Materiais Elétricos PAMPULHA,Materiais Elétricos e Ferramentas,"VERGALHÃO DE FERRO 5/16"" BARRA 12M",GERDAU,1 un.,"34,20"
8046,Materiais Elétricos PAMPULHA,Materiais Elétricos e Ferramentas,VIDRO PROTEÇÃO P/MASCARA DE SOLDA 108 x 51MM INCOLOR,DIVERSOS,1 un.,"1,20"
8047,Materiais Elétricos PAMPULHA,Materiais Elétricos e Ferramentas,VIDRO PROTEÇÃO P/MASCARA DE SOLDA 108 x 51MM ESCURO 10/12,DIVERSOS,1 un.,"1,80"
8065,Materiais Elétricos PAMPULHA,Materiais Elétricos e Ferramentas,CABO DE COBRE NU 16MM,CONDUMIG,1 mt.,"12,90"
8066,Materiais Elétricos PAMPULHA,Materiais Elétricos e Ferramentas,CABO DE COBRE NU 25MM,CONDUMIG,1 mt.,"19,50"
8067,Materiais Elétricos PAMPULHA,Materiais Elétricos e Ferramentas,CABO DE COBRE NU 35MM,CONDUMIG,1 mt.,"27,80"
8068,Materiais Elétricos PAMPULHA,Materiais Elétricos e Ferramentas,CABO DE COBRE NU 50MM,CONDUMIG,1 mt.,"39,40"
8069,Materiais Elétricos PAMPULHA,Materiais Elétricos e Ferramentas,CABO DE COBRE NU 70MM,CONDUMIG,1 mt.,"56,90"
8070,Materiais Elétricos PAMPULHA,Materiais Elétricos e Ferramentas,"CABO FLEXÍVEL SIL 1,50MM 750V (ROLO 100M)",SIL,1 un.,"139,00"
8071,Materiais Elétricos PAMPULHA,Materiais Elétricos e Ferramentas,"CABO FLEXÍVEL SIL 2,50MM 750V (ROLO 100M)",SIL,1 un.,"219,00"
8072,Materiais Elétricos PAMPULHA,Materiais Elétricos e Ferramentas,"CABO FLEXÍVEL SIL 4,00MM 750V (ROLO 100M)",SIL,1 un.,"349,00"
8073,Materiais Elétricos PAMPULHA,Materiais Elétricos e Ferramentas,"CABO FLEXÍVEL SIL 6,00MM 750V (ROLO 100M)",SIL,1 un.,"519,00"
8074,Materiais Elétricos PAMPULHA,Materiais Elétricos e Ferramentas,"CABO FLEXÍVEL SIL 10,00MM 750V (ROLO 100M)",SIL,1 un.,"890,00"
8075,Materiais Elétricos PAMPULHA,Materiais Elétricos e Ferramentas,"CABO FLEXÍVEL SIL 16,00MM 750V (ROLO 100M)",SIL,1 un.,"1450,00"
8076,Materiais Elétricos PAMPULHA,Materiais Elétricos e Ferramentas,"CABO PARALELO 2x0,75MM 300V (ROLO 100M)",CONDUMIG,1 un.,"98,00"
8077,Materiais Elétricos PAMPULHA,Materiais Elétricos e Ferramentas,"CABO PARALELO 2x1,50MM 300V (ROLO 100M)",CONDUMIG,1 un.,"189,00"
8078,Materiais Elétricos PAMPULHA,Materiais Elétricos e Ferramentas,"CABO PARALELO 2x2,50MM 300V (ROLO 100M)",CONDUMIG,1 un.,"299,00"
8079,Materiais Elétricos PAMPULHA,Materiais Elétricos e Ferramentas,"CABO PP 2x1,50MM 500V (ROLO 100M)",SIL,1 un.,"329,00"
8080,Materiais Elétricos PAMPULHA,Materiais Elétricos e Ferramentas,"CABO PP 2x2,50MM 500V (ROLO 100M)",SIL,1 un.,"498,00"
8081,Materiais Elétricos PAMPULHA,Materiais Elétricos e Ferramentas,"CABO PP 3x1,50MM 500V (ROLO 100M)",SIL,1 un.,"449,00"
8082,Materiais Elétricos PAMPULHA,Materiais Elétricos e Ferramentas,"CABO PP 3x2,50MM 500V (ROLO 100M)",SIL,1 un.,"698,00"
8083,Materiais Elétricos PAMPULHA,Materiais Elétricos e Ferramentas,"CABO PP 4x1,50MM 500V (ROLO 100M)",SIL,1 un.,"598,00"
8084,Materiais Elétricos PAMPULHA,Materiais Elétricos e Ferramentas,"CABO PP 4x2,50MM 500V (ROLO 100M)",SIL,1 un.,"890,00"
8085,Materiais Elétricos PAMPULHA,Materiais Elétricos e Ferramentas,CABO REDE COAXIAL RG59 75 OHMS 67% (ROLO 100M),MEGATRON,1 un.,"119,00"
8086,Materiais Elétricos PAMPULHA,Materiais Elétricos e Ferramentas,CABO REDE COAXIAL RG6 75 OHMS 60% (ROLO 100M),MEGATRON,1 un.,"149,00"
8087,Materiais Elétricos PAMPULHA,Materiais Elétricos e Ferramentas,CABO REDE DE DADOS UTP 4 PARES CAT5E (CAIXA 305M) AZUL,FURUKAWA,1 un.,"490,00"
8088,Materiais Elétricos PAMPULHA,Materiais Elétricos e Ferramentas,CABO REDE DE DADOS UTP 4 PARES CAT6 (CAIXA 305M) AZUL,FURUKAWA,1 un.,"790,00"
8089,Materiais Elétricos PAMPULHA,Materiais Elétricos e Ferramentas,CABO TELEFÔNICO CCI 2 PARES (ROLO 100M),MEGATRON,1 un.,"89,00"
8090,Materiais Elétricos PAMPULHA,Materiais Elétricos e Ferramentas,CABO TELEFÔNICO CCI 3 PARES (ROLO 100M),MEGATRON,1 un.,"129,00"
8092,Materiais Elétricos PAMPULHA,Materiais Elétricos e Ferramentas,CAIXA DE INSPEÇÃO P/ATERRAMENTO PVC C/TAMPA,TAF,1 un.,"24,80"
8093,Materiais Elétricos PAMPULHA,Materiais Elétricos e Ferramentas,CAIXA DE MEDIÇÃO MONOFÁSICA CEMIG CM-1 POLICARBONATO,TAF,1 un.,"139,00"
8094,Materiais Elétricos PAMPULHA,Materiais Elétricos e Ferramentas,CAIXA DE MEDIÇÃO POLIFÁSICA CEMIG CM-2 POLICARBONATO,TAF,1 un.,"229,00"
8095,Materiais Elétricos PAMPULHA,Materiais Elétricos e Ferramentas,CAIXA SIFONADA PVC 100x100x50 GRELHA BRANCA,TIGRE,1 un.,"18,90"
8098,Materiais Elétricos PAMPULHA,Materiais Elétricos e Ferramentas,CAIXA SIFONADA PVC 150x150x50 GRELHA INOX,TIGRE,1 un.,"42,80"
8100,Materiais Elétricos PAMPULHA,Materiais Elétricos e Ferramentas,CALHA SOBREPOR CHAPA SLIM 2x18W 120CM BRANCA,DIVERSOS,1 un.,"34,80"
8101,Materiais Elétricos PAMPULHA,Materiais Elétricos e Ferramentas,CHAVE TESTE COMUM PONTINHA FENDA,FERTAK,1 un.,"2,90"
8102,Materiais Elétricos PAMPULHA,Materiais Elétricos e Ferramentas,CORTADOR DE TUBOS PVC ATÉ 42MM,FERTAK,1 un.,"39,00"
8103,Materiais Elétricos PAMPULHA,Materiais Elétricos e Ferramentas,"DISCO DE CORTE FINO INOX 4.1/2"" x 1,0MM",NORTON,10 un.,"3,90"
8104,Materiais Elétricos PAMPULHA,Materiais Elétricos e Ferramentas,"DISCO DE DESBASTE FERRO 4.1/2"" x 6,0MM",NORTON,5 un.,"8,90"
8105,Materiais Elétricos PAMPULHA,Materiais Elétricos e Ferramentas,DISCO DIAMANTADO SEGMENTADO 110MM CONCRETO,NORTON,1 un.,"19,80"
8107,Materiais Elétricos PAMPULHA,Materiais Elétricos e Ferramentas,DISCO DIAMANTADO TURBO 110MM PISO/PORCELANATO,NORTON,1 un.,"22,50"
8108,Materiais Elétricos PAMPULHA,Materiais Elétricos e Ferramentas,"ENGATE FLEXÍVEL INOX 1/2"" x 40CM P/LAVATÓRIO",BLUKIT,1 un.,"16,90"
8109,Materiais Elétricos PAMPULHA,Materiais Elétricos e Ferramentas,"ENGATE FLEXÍVEL INOX 1/2"" x 60CM P/LAVATÓRIO",BLUKIT,1 un.,"21,50"
8110,Materiais Elétricos PAMPULHA,Materiais Elétricos e Ferramentas,ESPELHO 4x2 CEGO BRANCO,PERLEX,20 un.,"1,90"
8111,Materiais Elétricos PAMPULHA,Materiais Elétricos e Ferramentas,ESPELHO 4x4 CEGO BRANCO,PERLEX,10 un.,"3,80"
8113,Materiais Elétricos PAMPULHA,Materiais Elétricos e Ferramentas,FITA VEDA ROSCA 18MM x 10M,TIGRE,10 un.,"2,90"
8114,Materiais Elétricos PAMPULHA,Materiais Elétricos e Ferramentas,FITA VEDA ROSCA 18MM x 25M,TIGRE,10 un.,"6,40"
8115,Materiais Elétricos PAMPULHA,Materiais Elétricos e Ferramentas,FITA VEDA ROSCA 18MM x 50M,TIGRE,10 un.,"11,80"
8116,Materiais Elétricos PAMPULHA,Materiais Elétricos e Ferramentas,GRAMPADOR MANUAL TIPO TAPECEIRO AÇO,FERTAK,1 un.,"49,90"
8117,Materiais Elétricos PAMPULHA,Materiais Elétricos e Ferramentas,GRAMPO P/GRAMPADOR TAPECEIRO 106/8MM (CX 5000),FERTAK,1 un.,"14,80"
8120,Materiais Elétricos PAMPULHA,Materiais Elétricos e Ferramentas,JOELHO ESGOTO 90º 100MM,TIGRE,1 un.,"4,90"
8122,Materiais Elétricos PAMPULHA,Materiais Elétricos e Ferramentas,JOELHO ESGOTO 90º 50MM,TIGRE,1 un.,"2,80"
8123,Materiais Elétricos PAMPULHA,Materiais Elétricos e Ferramentas,JOELHO ESGOTO 90º 40MM,TIGRE,1 un.,"1,95"
8124,Materiais Elétricos PAMPULHA,Materiais Elétricos e Ferramentas,JOELHO SOLDÁVEL 90º 25MM ÁGUA FRIA,TIGRE,1 un.,"1,10"
8125,Materiais Elétricos PAMPULHA,Materiais Elétricos e Ferramentas,JOELHO SOLDÁVEL 90º 32MM ÁGUA FRIA,TIGRE,1 un.,"2,30"
8126,Materiais Elétricos PAMPULHA,Materiais Elétricos e Ferramentas,"JOELHO SOLDÁVEL C/BUCHA LATÃO 25 x 1/2"" 90º",TIGRE,1 un.,"5,40"
8127,Materiais Elétricos PAMPULHA,Materiais Elétricos e Ferramentas,"JOELHO SOLDÁVEL C/BUCHA LATÃO 25 x 3/4"" 90º",TIGRE,1 un.,"6,20"
8128,Materiais Elétricos PAMPULHA,Materiais Elétricos e Ferramentas,LÂMPADA VAPOR METÁLICO TUBULAR 400W E-40,OSRAM,1 un.,"69,00"
8130,Materiais Elétricos PAMPULHA,Materiais Elétricos e Ferramentas,LÂMPADA VAPOR METÁLICO TUBULAR 250W E-40,OSRAM,1 un.,"59,00"
8131,Materiais Elétricos PAMPULHA,Materiais Elétricos e Ferramentas,LUVA ESGOTO 100MM,TIGRE,1 un.,"4,80"
8132,Materiais Elétricos PAMPULHA,Materiais Elétricos e Ferramentas,LUVA ESGOTO 50MM,TIGRE,1 un.,"2,60"
8133,Materiais Elétricos PAMPULHA,Materiais Elétricos e Ferramentas,LUVA ESGOTO 40MM,TIGRE,1 un.,"1,80"
8134,Materiais Elétricos PAMPULHA,Materiais Elétricos e Ferramentas,LUVA SOLDÁVEL 25MM ÁGUA FRIA,TIGRE,1 un.,"0,95"
8135,Materiais Elétricos PAMPULHA,Materiais Elétricos e Ferramentas,LUVA SOLDÁVEL 32MM ÁGUA FRIA,TIGRE,1 un.,"1,90"
8136,Materiais Elétricos PAMPULHA,Materiais Elétricos e Ferramentas,"NÍVEL DE ALUMÍNIO 3 BOLHAS 12"" (30CM)",FERTAK,1 un.,"16,90"
8138,Materiais Elétricos PAMPULHA,Materiais Elétricos e Ferramentas,"NÍVEL DE ALUMÍNIO 3 BOLHAS 20"" (50CM)",FERTAK,1 un.,"24,80"
8139,Materiais Elétricos PAMPULHA,Materiais Elétricos e Ferramentas,PASTA P/SOLDAR ESTANHO 110G,COBIX,1 un.,"14,50"
8140,Materiais Elétricos PAMPULHA,Materiais Elétricos e Ferramentas,PISTOLA DE COLA QUENTE BIVOLT 40W GROSSA,FERTAK,1 un.,"26,90"
8142,Materiais Elétricos PAMPULHA,Materiais Elétricos e Ferramentas,REFIL COLA QUENTE GROSSO 11MM (PACOTE 1KG),DIVERSOS,1 un.,"42,00"
8143,Materiais Elétricos PAMPULHA,Materiais Elétricos e Ferramentas,REGISTRO DE ESFERA PVC SOLDÁVEL 25MM,TIGRE,1 un.,"14,90"
8144,Materiais Elétricos PAMPULHA,Materiais Elétricos e Ferramentas,REGISTRO DE ESFERA PVC SOLDÁVEL 32MM,TIGRE,1 un.,"22,80"
8145,Materiais Elétricos PAMPULHA,Materiais Elétricos e Ferramentas,REGISTRO DE ESFERA PVC SOLDÁVEL 50MM,TIGRE,1 un.,"46,00"
8146,Materiais Elétricos PAMPULHA,Materiais Elétricos e Ferramentas,"REGISTRO DE GAVETA BRUTO LATÃO 3/4""",DECA,1 un.,"49,90"
8147,Materiais Elétricos PAMPULHA,Materiais Elétricos e Ferramentas,"REGISTRO DE GAVETA BRUTO LATÃO 1""",DECA,1 un.,"69,00"
8148,Materiais Elétricos PAMPULHA,Materiais Elétricos e Ferramentas,"REGISTRO DE PRESSÃO BRUTO LATÃO 1/2""",DECA,1 un.,"44,50"
8149,Materiais Elétricos PAMPULHA,Materiais Elétricos e Ferramentas,"REGISTRO DE PRESSÃO BRUTO LATÃO 3/4""",DECA,1 un.,"49,00"
8150,Materiais Elétricos PAMPULHA,Materiais Elétricos e Ferramentas,SERRA COPO JOGO P/MADEIRA/PVC 8 PEÇAS,FERTAK,1 un.,"38,90"
8151,Materiais Elétricos PAMPULHA,Materiais Elétricos e Ferramentas,SIFÃO SANFONADO UNIVERSAL BRANCO 72CM,BLUKIT,1 un.,"8,90"
8152,Materiais Elétricos PAMPULHA,Materiais Elétricos e Ferramentas,SIFÃO SANFONADO DUPLO BRANCO UNIVERSAL,BLUKIT,1 un.,"18,90"
8153,Materiais Elétricos PAMPULHA,Materiais Elétricos e Ferramentas,SOLDADOR ELÉTRICO TIPO MACHADINHA 100W 127V,HIKARI,1 un.,"68,00"
8154,Materiais Elétricos PAMPULHA,Materiais Elétricos e Ferramentas,SOLDADOR ELÉTRICO TIPO MACHADINHA 150W 127V,HIKARI,1 un.,"89,00"
8155,Materiais Elétricos PAMPULHA,Materiais Elétricos e Ferramentas,"SUPORTE P/CONDUÍTE 3/4"" TIPO ORELHA (PACOTE C/50)",DIVERSOS,1 un.,"14,50"
8156,Materiais Elétricos PAMPULHA,Materiais Elétricos e Ferramentas,"SUPORTE P/CONDUÍTE 1/2"" TIPO ORELHA (PACOTE C/50)",DIVERSOS,1 un.,"12,90"
8157,Materiais Elétricos PAMPULHA,Materiais Elétricos e Ferramentas,TÊ ESGOTO 100MM,TIGRE,1 un.,"8,90"
8158,Materiais Elétricos PAMPULHA,Materiais Elétricos e Ferramentas,TÊ ESGOTO 50MM,TIGRE,1 un.,"4,80"
8159,Materiais Elétricos PAMPULHA,Materiais Elétricos e Ferramentas,TÊ SOLDÁVEL 25MM ÁGUA FRIA,TIGRE,1 un.,"1,60"
8160,Materiais Elétricos PAMPULHA,Materiais Elétricos e Ferramentas,TÊ SOLDÁVEL 32MM ÁGUA FRIA,TIGRE,1 un.,"3,20"
8161,Materiais Elétricos PAMPULHA,Materiais Elétricos e Ferramentas,"TÊ SOLDÁVEL C/BUCHA LATÃO 25 x 1/2"" REDUÇÃO",TIGRE,1 un.,"7,90"
8162,Materiais Elétricos PAMPULHA,Materiais Elétricos e Ferramentas,"TORNEIRA BÓIA CAIXA D'ÁGUA 1/2"" E 3/4""",TIGRE,1 un.,"24,80"
8163,Materiais Elétricos PAMPULHA,Materiais Elétricos e Ferramentas,"TORNEIRA DE ESFERA P/JARDIM E MÁQUINA DE LAVAR 1/2"" x 3/4""",DIVERSOS,1 un.,"21,90"
8164,Materiais Elétricos PAMPULHA,Materiais Elétricos e Ferramentas,"TORNEIRA PLÁSTICA JARDIM 3/4"" BRANCA",HERC,1 un.,"4,90"
8167,Materiais Elétricos PAMPULHA,Materiais Elétricos e Ferramentas,TUBO ESGOTO 100MM BARRA 6 METROS,TIGRE,1 un.,"59,00"
8168,Materiais Elétricos PAMPULHA,Materiais Elétricos e Ferramentas,TUBO ESGOTO 50MM BARRA 6 METROS,TIGRE,1 un.,"38,00"
8169,Materiais Elétricos PAMPULHA,Materiais Elétricos e Ferramentas,TUBO SOLDÁVEL 25MM ÁGUA FRIA BARRA 6 METROS,TIGRE,1 un.,"28,00"
8170,Materiais Elétricos PAMPULHA,Materiais Elétricos e Ferramentas,TUBO SOLDÁVEL 32MM ÁGUA FRIA BARRA 6 METROS,TIGRE,1 un.,"49,00"
8171,Materiais Elétricos PAMPULHA,Materiais Elétricos e Ferramentas,"VALVULA DE ESCOAMENTO P/LAVATÓRIO 1"" PLÁSTICA BRANCA",BLUKIT,1 un.,"8,90"
8172,Materiais Elétricos PAMPULHA,Materiais Elétricos e Ferramentas,"VALVULA DE ESCOAMENTO P/PIA AMERICANA 3.1/2"" INOX",BLUKIT,1 un.,"24,90"
8173,Materiais Elétricos PAMPULHA,Materiais Elétricos e Ferramentas,"VALVULA DE ESCOAMENTO P/TANQUE 1.1/4"" PLÁSTICA BRANCA",BLUKIT,1 un.,"11,50"
8174,Materiais Elétricos PAMPULHA,Materiais Elétricos e Ferramentas,VASO SANITÁRIO CONVENCIONAL BRANCO,CELITE,1 un.,"149,00"
8175,Materiais Elétricos PAMPULHA,Materiais Elétricos e Ferramentas,"VEDANTE P/TORNEIRA 1/2"" BORRACHA (PACOTE C/10)",DIVERSOS,1 un.,"3,50"
8176,Materiais Elétricos PAMPULHA,Materiais Elétricos e Ferramentas,VENTILADOR OSCILANTE DE PAREDE 60CM BIVOLT,TRON,1 un.,"299,00"
8177,Materiais Elétricos PAMPULHA,Materiais Elétricos e Ferramentas,VENTILADOR OSCILANTE DE COLUNA 60CM BIVOLT,TRON,1 un.,"329,00"
8178,Materiais Elétricos PAMPULHA,Materiais Elétricos e Ferramentas,SIFÃO SANFONADO COPO CROMADO UNIVERSAL,BLUKIT,1 un.,"39,00"
8179,Materiais Elétricos PAMPULHA,Materiais Elétricos e Ferramentas,"ENGATE FLEXÍVEL PLÁSTICO TRANÇADO 1/2"" x 40CM",HERC,1 un.,"7,90"
8180,Materiais Elétricos PAMPULHA,Materiais Elétricos e Ferramentas,"ENGATE FLEXÍVEL PLÁSTICO TRANÇADO 1/2"" x 50CM",HERC,1 un.,"8,90"
8181,Materiais Elétricos PAMPULHA,Materiais Elétricos e Ferramentas,TAMPA DE CAIXA DE GORDURA REFORÇADA PVC,TIGRE,1 un.,"49,00"
8182,Materiais Elétricos PAMPULHA,Materiais Elétricos e Ferramentas,GRELHA ROTATIVA INOX 10 x 10CM REDONDA,DIVERSOS,1 un.,"12,50"
8183,Materiais Elétricos PAMPULHA,Materiais Elétricos e Ferramentas,GRELHA ROTATIVA INOX 15 x 15CM REDONDA,DIVERSOS,1 un.,"18,90"
8184,Materiais Elétricos PAMPULHA,Materiais Elétricos e Ferramentas,PORTA GRELHA QUADRADO PVC 10 x 10CM BRANCO,TIGRE,1 un.,"4,50"
8185,Materiais Elétricos PAMPULHA,Materiais Elétricos e Ferramentas,PORTA GRELHA QUADRADO PVC 15 x 15CM BRANCO,TIGRE,1 un.,"7,90"
8186,Materiais Elétricos PAMPULHA,Materiais Elétricos e Ferramentas,ANEL DE VEDAÇÃO P/VASO SANITÁRIO C/GUIA,BLUKIT,1 un.,"14,80"
8187,Materiais Elétricos PAMPULHA,Materiais Elétricos e Ferramentas,PARAFUSO P/VASO SANITÁRIO LATONADO B-10 (PAR),DIVERSOS,1 un.,"12,90"
8188,Materiais Elétricos PAMPULHA,Materiais Elétricos e Ferramentas,PARAFUSO P/VASO SANITÁRIO INOX B-10 (PAR),DIVERSOS,1 un.,"19,80"
8189,Materiais Elétricos PAMPULHA,Materiais Elétricos e Ferramentas,ASSENTO SANITÁRIO OVAL UNIVERSAL BRANCO POLIÉSTER,ASTRA,1 un.,"39,90"
8190,Materiais Elétricos PAMPULHA,Materiais Elétricos e Ferramentas,ASSENTO SANITÁRIO ALMOFADADO BRANCO OVAL,ASTRA,1 un.,"59,00"
8191,Materiais Elétricos PAMPULHA,Materiais Elétricos e Ferramentas,TUBO DE LIGAÇÃO SANITÁRIO AJUSTÁVEL C/ESPELHO,BLUKIT,1 un.,"16,80"
8192,Materiais Elétricos PAMPULHA,Materiais Elétricos e Ferramentas,BOLSA DE LIGAÇÃO P/VASO SANITÁRIO PRETA OU BRANCA,BLUKIT,1 un.,"4,50"
8193,Materiais Elétricos PAMPULHA,Materiais Elétricos e Ferramentas,ADESIVO PLÁSTICO P/PVC BISNAGA 75G,TIGRE,1 un.,"7,90"
8194,Materiais Elétricos PAMPULHA,Materiais Elétricos e Ferramentas,ADESIVO PLÁSTICO P/PVC FRASCO C/PINCEL 175G,TIGRE,1 un.,"19,80"
8195,Materiais Elétricos PAMPULHA,Materiais Elétricos e Ferramentas,SOLUÇÃO LIMPADORA PREPARADORA P/PVC FRASCO 200ML,TIGRE,1 un.,"18,90"
8196,Materiais Elétricos PAMPULHA,Materiais Elétricos e Ferramentas,GRAXA BRANCA ESPECIAL EM TUBO 80G,DIVERSOS,1 un.,"9,80"
